work_id,is_fraud,fraud_type,cartel_id
WRK-AS-000001,0,NONE,NONE
WRK-TN-000002,1,PUPPET_RING,NONE
WRK-BR-000003,1,PUPPET_RING,NONE
WRK-RJ-000004,0,NONE,NONE
WRK-UP-000005,1,A3_OVER_RELEASE,NONE
WRK-AS-000006,0,NONE,CARTEL-AS-02
WRK-RJ-000007,0,NONE,NONE
WRK-AS-000008,0,NONE,NONE
WRK-BR-000009,0,NONE,NONE
WRK-RJ-000010,0,NONE,NONE
WRK-UP-000011,0,NONE,NONE
WRK-TN-000012,0,NONE,CARTEL-TN-09
WRK-AS-000013,0,NONE,NONE
WRK-TN-000014,0,NONE,NONE
WRK-MH-000015,0,NONE,NONE
WRK-AS-000016,0,NONE,NONE
WRK-UP-000017,0,NONE,NONE
WRK-TN-000018,0,NONE,NONE
WRK-RJ-000019,0,NONE,NONE
WRK-UP-000020,0,NONE,CARTEL-UP-11
WRK-MH-000021,0,NONE,CARTEL-MH-06
WRK-TN-000022,0,NONE,NONE
WRK-MH-000023,0,NONE,NONE
WRK-AS-000024,0,NONE,CARTEL-AS-01
WRK-RJ-000025,0,NONE,NONE
WRK-AS-000026,0,NONE,NONE
WRK-AS-000027,0,NONE,NONE
WRK-TN-000028,0,NONE,NONE
WRK-MH-000029,0,NONE,NONE
WRK-BR-000030,0,NONE,CARTEL-BR-04
WRK-UP-000031,0,NONE,NONE
WRK-AS-000032,0,NONE,NONE
WRK-RJ-000033,0,NONE,NONE
WRK-BR-000034,1,A2_COST_INFLATION,NONE
WRK-AS-000035,0,NONE,CARTEL-AS-02
WRK-RJ-000036,0,NONE,NONE
WRK-UP-000037,0,NONE,CARTEL-UP-11
WRK-RJ-000038,0,NONE,NONE
WRK-RJ-000039,0,NONE,NONE
WRK-MH-000040,1,A5_SPEED_FRAUD,NONE
WRK-BR-000041,0,NONE,CARTEL-BR-04
WRK-UP-000042,0,NONE,NONE
WRK-UP-000043,0,NONE,NONE
WRK-TN-000044,0,NONE,NONE
WRK-BR-000045,0,NONE,NONE
WRK-BR-000046,0,NONE,NONE
WRK-UP-000047,0,NONE,NONE
WRK-TN-000048,0,NONE,NONE
WRK-BR-000049,0,NONE,CARTEL-BR-03
WRK-RJ-000050,0,NONE,CARTEL-RJ-07
WRK-TN-000051,0,NONE,NONE
WRK-RJ-000052,0,NONE,NONE
WRK-TN-000053,0,NONE,NONE
WRK-RJ-000054,0,NONE,NONE
WRK-RJ-000055,0,NONE,NONE
WRK-MH-000056,0,NONE,CARTEL-MH-05
WRK-UP-000057,0,NONE,NONE
WRK-AS-000058,0,NONE,NONE
WRK-AS-000059,0,NONE,NONE
WRK-MH-000060,0,NONE,CARTEL-MH-05
WRK-BR-000061,0,NONE,NONE
WRK-RJ-000062,0,NONE,NONE
WRK-UP-000063,0,NONE,NONE
WRK-TN-000064,0,NONE,NONE
WRK-MH-000065,0,NONE,NONE
WRK-RJ-000066,0,NONE,NONE
WRK-MH-000067,0,NONE,NONE
WRK-UP-000068,0,NONE,CARTEL-UP-11
WRK-RJ-000069,0,NONE,NONE
WRK-TN-000070,0,NONE,NONE
WRK-UP-000071,0,NONE,NONE
WRK-BR-000072,0,NONE,CARTEL-BR-03
WRK-AS-000073,0,NONE,NONE
WRK-UP-000074,0,NONE,NONE
WRK-MH-000075,0,NONE,NONE
WRK-AS-000076,0,NONE,NONE
WRK-MH-000077,0,NONE,NONE
WRK-AS-000078,0,NONE,NONE
WRK-UP-000079,1,A2_COST_INFLATION,NONE
WRK-TN-000080,0,NONE,NONE
WRK-TN-000081,0,NONE,NONE
WRK-TN-000082,0,NONE,NONE
WRK-UP-000083,0,NONE,NONE
WRK-UP-000084,0,NONE,NONE
WRK-BR-000085,0,NONE,NONE
WRK-AS-000086,0,NONE,NONE
WRK-BR-000087,1,A3_OVER_RELEASE,NONE
WRK-UP-000088,0,NONE,CARTEL-UP-11
WRK-RJ-000089,0,NONE,NONE
WRK-UP-000090,0,NONE,NONE
WRK-UP-000091,0,NONE,NONE
WRK-MH-000092,0,NONE,NONE
WRK-TN-000093,0,NONE,NONE
WRK-RJ-000094,0,NONE,NONE
WRK-BR-000095,0,NONE,NONE
WRK-RJ-000096,0,NONE,NONE
WRK-RJ-000097,0,NONE,NONE
WRK-BR-000098,0,NONE,NONE
WRK-RJ-000099,0,NONE,NONE
WRK-TN-000100,0,NONE,NONE
WRK-BR-000101,0,NONE,NONE
WRK-UP-000102,0,NONE,NONE
WRK-UP-000103,0,NONE,NONE
WRK-TN-000104,0,NONE,NONE
WRK-MH-000105,0,NONE,NONE
WRK-MH-000106,1,A3_OVER_RELEASE,NONE
WRK-TN-000107,0,NONE,NONE
WRK-RJ-000108,0,NONE,NONE
WRK-UP-000109,0,NONE,CARTEL-UP-11
WRK-MH-000110,0,NONE,NONE
WRK-TN-000111,0,NONE,NONE
WRK-TN-000112,0,NONE,NONE
WRK-UP-000113,0,NONE,NONE
WRK-RJ-000114,1,A4_VENDOR_CONCENTRATION,NONE
WRK-MH-000115,0,NONE,NONE
WRK-RJ-000116,0,NONE,NONE
WRK-UP-000117,0,NONE,NONE
WRK-TN-000118,1,PUPPET_RING,NONE
WRK-RJ-000119,0,NONE,NONE
WRK-UP-000120,0,NONE,NONE
WRK-AS-000121,0,NONE,CARTEL-AS-01
WRK-BR-000122,0,NONE,NONE
WRK-TN-000123,0,NONE,NONE
WRK-TN-000124,0,NONE,NONE
WRK-TN-000125,0,NONE,NONE
WRK-AS-000126,0,NONE,NONE
WRK-AS-000127,0,NONE,NONE
WRK-AS-000128,0,NONE,NONE
WRK-AS-000129,0,NONE,CARTEL-AS-01
WRK-UP-000130,0,NONE,NONE
WRK-TN-000131,0,NONE,NONE
WRK-BR-000132,0,NONE,NONE
WRK-MH-000133,0,NONE,NONE
WRK-BR-000134,0,NONE,NONE
WRK-AS-000135,0,NONE,NONE
WRK-AS-000136,0,NONE,NONE
WRK-AS-000137,0,NONE,CARTEL-AS-02
WRK-UP-000138,0,NONE,NONE
WRK-MH-000139,0,NONE,NONE
WRK-RJ-000140,0,NONE,NONE
WRK-MH-000141,0,NONE,NONE
WRK-UP-000142,0,NONE,NONE
WRK-BR-000143,0,NONE,CARTEL-BR-04
WRK-UP-000144,0,NONE,NONE
WRK-UP-000145,0,NONE,NONE
WRK-MH-000146,0,NONE,NONE
WRK-AS-000147,0,NONE,NONE
WRK-AS-000148,0,NONE,CARTEL-AS-02
WRK-AS-000149,0,NONE,NONE
WRK-RJ-000150,0,NONE,NONE
WRK-BR-000151,0,NONE,NONE
WRK-UP-000152,0,NONE,NONE
WRK-MH-000153,1,A2_COST_INFLATION,NONE
WRK-AS-000154,0,NONE,NONE
WRK-RJ-000155,0,NONE,NONE
WRK-AS-000156,0,NONE,NONE
WRK-BR-000157,0,NONE,NONE
WRK-AS-000158,0,NONE,NONE
WRK-AS-000159,0,NONE,NONE
WRK-MH-000160,0,NONE,NONE
WRK-MH-000161,0,NONE,NONE
WRK-RJ-000162,0,NONE,CARTEL-RJ-07
WRK-RJ-000163,0,NONE,NONE
WRK-UP-000164,0,NONE,NONE
WRK-RJ-000165,0,NONE,NONE
WRK-AS-000166,0,NONE,CARTEL-AS-01
WRK-MH-000167,1,A1_DUPLICATE_WORK,NONE
WRK-AS-000168,0,NONE,NONE
WRK-BR-000169,0,NONE,NONE
WRK-TN-000170,0,NONE,NONE
WRK-UP-000171,0,NONE,NONE
WRK-AS-000172,0,NONE,NONE
WRK-AS-000173,0,NONE,NONE
WRK-AS-000174,0,NONE,NONE
WRK-BR-000175,0,NONE,NONE
WRK-MH-000176,0,NONE,NONE
WRK-AS-000177,0,NONE,NONE
WRK-TN-000178,0,NONE,NONE
WRK-TN-000179,0,NONE,CARTEL-TN-10
WRK-RJ-000180,0,NONE,NONE
WRK-BR-000181,0,NONE,NONE
WRK-TN-000182,0,NONE,NONE
WRK-UP-000183,0,NONE,NONE
WRK-TN-000184,0,NONE,NONE
WRK-AS-000185,1,A5_SPEED_FRAUD,NONE
WRK-BR-000186,0,NONE,NONE
WRK-UP-000187,1,A5_SPEED_FRAUD,NONE
WRK-TN-000188,0,NONE,NONE
WRK-RJ-000189,0,NONE,CARTEL-RJ-07
WRK-AS-000190,0,NONE,NONE
WRK-UP-000191,0,NONE,NONE
WRK-AS-000192,0,NONE,NONE
WRK-AS-000193,0,NONE,NONE
WRK-BR-000194,1,A4_VENDOR_CONCENTRATION,NONE
WRK-RJ-000195,0,NONE,NONE
WRK-TN-000196,0,NONE,NONE
WRK-BR-000197,1,A1_DUPLICATE_WORK,NONE
WRK-BR-000198,0,NONE,NONE
WRK-BR-000199,0,NONE,NONE
WRK-RJ-000200,0,NONE,NONE
WRK-TN-000201,1,PUPPET_RING,NONE
WRK-AS-000202,0,NONE,NONE
WRK-UP-000203,0,NONE,CARTEL-UP-11
WRK-TN-000204,0,NONE,NONE
WRK-MH-000205,0,NONE,NONE
WRK-MH-000206,1,PUPPET_RING,NONE
WRK-MH-000207,0,NONE,NONE
WRK-UP-000208,0,NONE,NONE
WRK-AS-000209,0,NONE,CARTEL-AS-02
WRK-MH-000210,0,NONE,NONE
WRK-TN-000211,0,NONE,NONE
WRK-RJ-000212,0,NONE,NONE
WRK-RJ-000213,0,NONE,NONE
WRK-RJ-000214,1,A4_VENDOR_CONCENTRATION,NONE
WRK-AS-000215,0,NONE,NONE
WRK-TN-000216,0,NONE,NONE
WRK-RJ-000217,0,NONE,NONE
WRK-RJ-000218,0,NONE,NONE
WRK-AS-000219,0,NONE,NONE
WRK-MH-000220,0,NONE,NONE
WRK-TN-000221,1,PUPPET_RING,NONE
WRK-MH-000222,0,NONE,CARTEL-MH-05
WRK-MH-000223,0,NONE,NONE
WRK-AS-000224,0,NONE,NONE
WRK-MH-000225,0,NONE,NONE
WRK-AS-000226,0,NONE,NONE
WRK-RJ-000227,1,A1_DUPLICATE_WORK,NONE
WRK-MH-000228,0,NONE,NONE
WRK-TN-000229,0,NONE,NONE
WRK-UP-000230,0,NONE,NONE
WRK-RJ-000231,0,NONE,NONE
WRK-RJ-000232,0,NONE,NONE
WRK-UP-000233,0,NONE,NONE
WRK-AS-000234,0,NONE,NONE
WRK-TN-000235,0,NONE,NONE
WRK-AS-000236,0,NONE,NONE
WRK-MH-000237,1,PUPPET_RING,NONE
WRK-TN-000238,0,NONE,NONE
WRK-BR-000239,1,PUPPET_RING,NONE
WRK-UP-000240,0,NONE,CARTEL-UP-11
WRK-RJ-000241,0,NONE,NONE
WRK-RJ-000242,0,NONE,NONE
WRK-TN-000243,0,NONE,NONE
WRK-AS-000244,0,NONE,CARTEL-AS-01
WRK-AS-000245,0,NONE,NONE
WRK-BR-000246,0,NONE,CARTEL-BR-03
WRK-BR-000247,0,NONE,NONE
WRK-TN-000248,0,NONE,CARTEL-TN-10
WRK-RJ-000249,0,NONE,NONE
WRK-AS-000250,1,A5_SPEED_FRAUD,NONE
WRK-BR-000251,0,NONE,NONE
WRK-RJ-000252,0,NONE,NONE
WRK-RJ-000253,0,NONE,NONE
WRK-AS-000254,0,NONE,NONE
WRK-MH-000255,0,NONE,NONE
WRK-AS-000256,0,NONE,NONE
WRK-RJ-000257,0,NONE,NONE
WRK-TN-000258,0,NONE,NONE
WRK-BR-000259,0,NONE,CARTEL-BR-04
WRK-UP-000260,0,NONE,CARTEL-UP-11
WRK-AS-000261,0,NONE,NONE
WRK-TN-000262,0,NONE,NONE
WRK-TN-000263,0,NONE,NONE
WRK-AS-000264,0,NONE,NONE
WRK-RJ-000265,0,NONE,NONE
WRK-RJ-000266,0,NONE,NONE
WRK-TN-000267,0,NONE,NONE
WRK-AS-000268,0,NONE,NONE
WRK-UP-000269,0,NONE,NONE
WRK-RJ-000270,0,NONE,NONE
WRK-RJ-000271,0,NONE,NONE
WRK-BR-000272,1,PUPPET_RING,NONE
WRK-TN-000273,1,PUPPET_RING,NONE
WRK-AS-000274,0,NONE,NONE
WRK-RJ-000275,0,NONE,NONE
WRK-TN-000276,0,NONE,NONE
WRK-TN-000277,0,NONE,NONE
WRK-MH-000278,0,NONE,NONE
WRK-TN-000279,0,NONE,NONE
WRK-AS-000280,0,NONE,NONE
WRK-AS-000281,0,NONE,NONE
WRK-BR-000282,0,NONE,NONE
WRK-UP-000283,0,NONE,NONE
WRK-MH-000284,0,NONE,NONE
WRK-AS-000285,0,NONE,CARTEL-AS-02
WRK-TN-000286,0,NONE,CARTEL-TN-10
WRK-RJ-000287,0,NONE,NONE
WRK-RJ-000288,0,NONE,NONE
WRK-AS-000289,0,NONE,NONE
WRK-RJ-000290,0,NONE,NONE
WRK-RJ-000291,0,NONE,NONE
WRK-TN-000292,0,NONE,NONE
WRK-UP-000293,0,NONE,NONE
WRK-RJ-000294,0,NONE,CARTEL-RJ-08
WRK-MH-000295,0,NONE,NONE
WRK-BR-000296,0,NONE,NONE
WRK-BR-000297,1,PUPPET_RING,NONE
WRK-AS-000298,0,NONE,NONE
WRK-BR-000299,0,NONE,NONE
WRK-MH-000300,0,NONE,NONE
WRK-TN-000301,0,NONE,NONE
WRK-UP-000302,0,NONE,NONE
WRK-AS-000303,1,A1_DUPLICATE_WORK,NONE
WRK-BR-000304,1,A4_VENDOR_CONCENTRATION,NONE
WRK-MH-000305,0,NONE,NONE
WRK-TN-000306,0,NONE,CARTEL-TN-10
WRK-BR-000307,0,NONE,NONE
WRK-BR-000308,0,NONE,NONE
WRK-MH-000309,0,NONE,NONE
WRK-RJ-000310,0,NONE,NONE
WRK-MH-000311,0,NONE,NONE
WRK-MH-000312,0,NONE,NONE
WRK-UP-000313,0,NONE,CARTEL-UP-11
WRK-UP-000314,0,NONE,NONE
WRK-BR-000315,1,PUPPET_RING,NONE
WRK-RJ-000316,1,A1_DUPLICATE_WORK,NONE
WRK-AS-000317,0,NONE,NONE
WRK-MH-000318,1,PUPPET_RING,CARTEL-MH-06
WRK-MH-000319,0,NONE,NONE
WRK-MH-000320,1,A2_COST_INFLATION,CARTEL-MH-06
WRK-MH-000321,0,NONE,NONE
WRK-UP-000322,0,NONE,CARTEL-UP-11
WRK-BR-000323,0,NONE,NONE
WRK-MH-000324,0,NONE,NONE
WRK-BR-000325,0,NONE,NONE
WRK-UP-000326,0,NONE,NONE
WRK-TN-000327,0,NONE,NONE
WRK-BR-000328,0,NONE,NONE
WRK-AS-000329,0,NONE,CARTEL-AS-01
WRK-BR-000330,1,A4_VENDOR_CONCENTRATION,NONE
WRK-RJ-000331,0,NONE,NONE
WRK-AS-000332,0,NONE,NONE
WRK-TN-000333,0,NONE,NONE
WRK-AS-000334,0,NONE,CARTEL-AS-02
WRK-RJ-000335,0,NONE,NONE
WRK-MH-000336,0,NONE,NONE
WRK-TN-000337,0,NONE,NONE
WRK-RJ-000338,0,NONE,NONE
WRK-TN-000339,0,NONE,NONE
WRK-TN-000340,0,NONE,NONE
WRK-AS-000341,0,NONE,NONE
WRK-AS-000342,0,NONE,NONE
WRK-RJ-000343,0,NONE,NONE
WRK-AS-000344,0,NONE,CARTEL-AS-01
WRK-TN-000345,0,NONE,NONE
WRK-UP-000346,0,NONE,NONE
WRK-RJ-000347,0,NONE,NONE
WRK-AS-000348,0,NONE,NONE
WRK-AS-000349,0,NONE,NONE
WRK-RJ-000350,1,A4_VENDOR_CONCENTRATION,NONE
WRK-AS-000351,0,NONE,NONE
WRK-AS-000352,0,NONE,NONE
WRK-AS-000353,0,NONE,NONE
WRK-RJ-000354,0,NONE,NONE
WRK-RJ-000355,0,NONE,NONE
WRK-MH-000356,0,NONE,NONE
WRK-RJ-000357,0,NONE,NONE
WRK-BR-000358,1,PUPPET_RING,NONE
WRK-UP-000359,0,NONE,NONE
WRK-AS-000360,0,NONE,NONE
WRK-RJ-000361,0,NONE,NONE
WRK-RJ-000362,1,A4_VENDOR_CONCENTRATION,NONE
WRK-UP-000363,0,NONE,NONE
WRK-TN-000364,0,NONE,NONE
WRK-TN-000365,0,NONE,NONE
WRK-AS-000366,0,NONE,NONE
WRK-RJ-000367,0,NONE,NONE
WRK-MH-000368,0,NONE,CARTEL-MH-06
WRK-MH-000369,0,NONE,NONE
WRK-MH-000370,0,NONE,NONE
WRK-MH-000371,1,A2_COST_INFLATION,NONE
WRK-AS-000372,0,NONE,NONE
WRK-RJ-000373,0,NONE,NONE
WRK-BR-000374,0,NONE,NONE
WRK-UP-000375,0,NONE,NONE
WRK-TN-000376,0,NONE,NONE
WRK-TN-000377,0,NONE,NONE
WRK-TN-000378,0,NONE,NONE
WRK-UP-000379,0,NONE,CARTEL-UP-11
WRK-TN-000380,0,NONE,NONE
WRK-AS-000381,0,NONE,NONE
WRK-UP-000382,0,NONE,NONE
WRK-RJ-000383,0,NONE,NONE
WRK-RJ-000384,0,NONE,NONE
WRK-TN-000385,0,NONE,NONE
WRK-MH-000386,0,NONE,CARTEL-MH-05
WRK-BR-000387,0,NONE,NONE
WRK-AS-000388,0,NONE,NONE
WRK-UP-000389,0,NONE,NONE
WRK-TN-000390,0,NONE,CARTEL-TN-09
WRK-MH-000391,0,NONE,NONE
WRK-AS-000392,0,NONE,NONE
WRK-AS-000393,0,NONE,NONE
WRK-MH-000394,0,NONE,NONE
WRK-RJ-000395,0,NONE,NONE
WRK-BR-000396,0,NONE,CARTEL-BR-04
WRK-AS-000397,0,NONE,NONE
WRK-TN-000398,0,NONE,NONE
WRK-MH-000399,0,NONE,NONE
WRK-TN-000400,0,NONE,NONE
WRK-BR-000401,1,PUPPET_RING,NONE
WRK-TN-000402,1,PUPPET_RING,CARTEL-TN-09
WRK-RJ-000403,0,NONE,NONE
WRK-MH-000404,0,NONE,NONE
WRK-BR-000405,0,NONE,NONE
WRK-TN-000406,1,A2_COST_INFLATION,NONE
WRK-MH-000407,0,NONE,NONE
WRK-TN-000408,0,NONE,NONE
WRK-BR-000409,0,NONE,NONE
WRK-BR-000410,0,NONE,NONE
WRK-RJ-000411,0,NONE,NONE
WRK-TN-000412,0,NONE,NONE
WRK-MH-000413,0,NONE,NONE
WRK-UP-000414,0,NONE,NONE
WRK-AS-000415,0,NONE,NONE
WRK-BR-000416,0,NONE,NONE
WRK-MH-000417,0,NONE,NONE
WRK-BR-000418,0,NONE,NONE
WRK-RJ-000419,0,NONE,NONE
WRK-UP-000420,0,NONE,NONE
WRK-UP-000421,0,NONE,NONE
WRK-RJ-000422,0,NONE,NONE
WRK-MH-000423,0,NONE,NONE
WRK-MH-000424,1,A1_DUPLICATE_WORK,NONE
WRK-UP-000425,0,NONE,NONE
WRK-AS-000426,0,NONE,NONE
WRK-AS-000427,0,NONE,CARTEL-AS-01
WRK-RJ-000428,0,NONE,NONE
WRK-UP-000429,0,NONE,NONE
WRK-BR-000430,0,NONE,CARTEL-BR-04
WRK-MH-000431,0,NONE,CARTEL-MH-06
WRK-RJ-000432,0,NONE,NONE
WRK-AS-000433,0,NONE,NONE
WRK-AS-000434,0,NONE,NONE
WRK-UP-000435,0,NONE,NONE
WRK-UP-000436,0,NONE,NONE
WRK-AS-000437,0,NONE,NONE
WRK-MH-000438,0,NONE,NONE
WRK-RJ-000439,0,NONE,NONE
WRK-AS-000440,0,NONE,NONE
WRK-RJ-000441,0,NONE,NONE
WRK-MH-000442,0,NONE,NONE
WRK-TN-000443,0,NONE,NONE
WRK-UP-000444,0,NONE,CARTEL-UP-11
WRK-RJ-000445,0,NONE,NONE
WRK-BR-000446,0,NONE,NONE
WRK-UP-000447,0,NONE,NONE
WRK-AS-000448,0,NONE,NONE
WRK-UP-000449,0,NONE,NONE
WRK-MH-000450,0,NONE,NONE
WRK-UP-000451,0,NONE,CARTEL-UP-11
WRK-AS-000452,0,NONE,NONE
WRK-AS-000453,0,NONE,NONE
WRK-RJ-000454,0,NONE,NONE
WRK-RJ-000455,0,NONE,NONE
WRK-MH-000456,0,NONE,NONE
WRK-AS-000457,0,NONE,NONE
WRK-BR-000458,1,A2_COST_INFLATION,NONE
WRK-UP-000459,0,NONE,NONE
WRK-BR-000460,0,NONE,NONE
WRK-UP-000461,0,NONE,NONE
WRK-UP-000462,0,NONE,NONE
WRK-AS-000463,0,NONE,NONE
WRK-RJ-000464,0,NONE,NONE
WRK-TN-000465,0,NONE,NONE
WRK-MH-000466,0,NONE,NONE
WRK-BR-000467,0,NONE,CARTEL-BR-04
WRK-MH-000468,0,NONE,NONE
WRK-TN-000469,0,NONE,NONE
WRK-UP-000470,1,A5_SPEED_FRAUD,NONE
WRK-MH-000471,0,NONE,CARTEL-MH-05
WRK-MH-000472,0,NONE,CARTEL-MH-05
WRK-UP-000473,0,NONE,NONE
WRK-BR-000474,1,A2_COST_INFLATION,NONE
WRK-UP-000475,0,NONE,CARTEL-UP-11
WRK-AS-000476,0,NONE,NONE
WRK-MH-000477,0,NONE,NONE
WRK-RJ-000478,0,NONE,NONE
WRK-RJ-000479,0,NONE,NONE
WRK-TN-000480,0,NONE,CARTEL-TN-09
WRK-RJ-000481,0,NONE,NONE
WRK-TN-000482,0,NONE,NONE
WRK-AS-000483,0,NONE,NONE
WRK-AS-000484,0,NONE,NONE
WRK-UP-000485,0,NONE,NONE
WRK-RJ-000486,0,NONE,NONE
WRK-BR-000487,0,NONE,CARTEL-BR-03
WRK-BR-000488,0,NONE,NONE
WRK-AS-000489,0,NONE,NONE
WRK-AS-000490,0,NONE,NONE
WRK-TN-000491,0,NONE,CARTEL-TN-09
WRK-UP-000492,0,NONE,NONE
WRK-UP-000493,0,NONE,NONE
WRK-AS-000494,0,NONE,NONE
WRK-RJ-000495,0,NONE,NONE
WRK-RJ-000496,0,NONE,CARTEL-RJ-07
WRK-TN-000497,0,NONE,NONE
WRK-BR-000498,0,NONE,NONE
WRK-RJ-000499,0,NONE,NONE
WRK-BR-000500,0,NONE,NONE
WRK-AS-000501,1,A1_DUPLICATE_WORK,NONE
WRK-UP-000502,0,NONE,NONE
WRK-MH-000503,0,NONE,NONE
WRK-UP-000504,0,NONE,NONE
WRK-MH-000505,1,PUPPET_RING,NONE
WRK-UP-000506,0,NONE,NONE
WRK-UP-000507,0,NONE,NONE
WRK-TN-000508,0,NONE,NONE
WRK-RJ-000509,0,NONE,NONE
WRK-UP-000510,0,NONE,NONE
WRK-MH-000511,0,NONE,NONE
WRK-BR-000512,0,NONE,CARTEL-BR-03
WRK-MH-000513,0,NONE,NONE
WRK-RJ-000514,0,NONE,NONE
WRK-MH-000515,0,NONE,NONE
WRK-RJ-000516,0,NONE,NONE
WRK-RJ-000517,0,NONE,CARTEL-RJ-08
WRK-AS-000518,0,NONE,NONE
WRK-AS-000519,0,NONE,NONE
WRK-UP-000520,0,NONE,NONE
WRK-BR-000521,1,PUPPET_RING,NONE
WRK-MH-000522,0,NONE,CARTEL-MH-05
WRK-RJ-000523,0,NONE,NONE
WRK-RJ-000524,0,NONE,NONE
WRK-RJ-000525,0,NONE,NONE
WRK-UP-000526,1,A2_COST_INFLATION,NONE
WRK-RJ-000527,0,NONE,NONE
WRK-AS-000528,0,NONE,NONE
WRK-MH-000529,0,NONE,NONE
WRK-BR-000530,1,PUPPET_RING,NONE
WRK-RJ-000531,0,NONE,NONE
WRK-MH-000532,1,A1_DUPLICATE_WORK,NONE
WRK-BR-000533,0,NONE,NONE
WRK-TN-000534,0,NONE,NONE
WRK-BR-000535,0,NONE,NONE
WRK-UP-000536,0,NONE,NONE
WRK-TN-000537,0,NONE,NONE
WRK-AS-000538,0,NONE,NONE
WRK-BR-000539,1,A4_VENDOR_CONCENTRATION,NONE
WRK-UP-000540,1,A1_DUPLICATE_WORK,NONE
WRK-RJ-000541,0,NONE,NONE
WRK-AS-000542,0,NONE,NONE
WRK-TN-000543,0,NONE,NONE
WRK-AS-000544,0,NONE,CARTEL-AS-01
WRK-BR-000545,0,NONE,NONE
WRK-TN-000546,1,PUPPET_RING,CARTEL-TN-10
WRK-MH-000547,0,NONE,NONE
WRK-MH-000548,0,NONE,NONE
WRK-RJ-000549,0,NONE,NONE
WRK-UP-000550,0,NONE,NONE
WRK-UP-000551,0,NONE,NONE
WRK-AS-000552,0,NONE,NONE
WRK-BR-000553,0,NONE,NONE
WRK-UP-000554,0,NONE,NONE
WRK-UP-000555,0,NONE,NONE
WRK-RJ-000556,0,NONE,NONE
WRK-BR-000557,1,PUPPET_RING,NONE
WRK-RJ-000558,0,NONE,NONE
WRK-BR-000559,1,PUPPET_RING,NONE
WRK-TN-000560,0,NONE,NONE
WRK-MH-000561,0,NONE,NONE
WRK-MH-000562,0,NONE,NONE
WRK-AS-000563,0,NONE,NONE
WRK-MH-000564,1,A2_COST_INFLATION,CARTEL-MH-06
WRK-BR-000565,0,NONE,NONE
WRK-RJ-000566,0,NONE,NONE
WRK-TN-000567,0,NONE,NONE
WRK-RJ-000568,0,NONE,NONE
WRK-MH-000569,0,NONE,CARTEL-MH-05
WRK-BR-000570,0,NONE,NONE
WRK-TN-000571,0,NONE,NONE
WRK-BR-000572,1,PUPPET_RING,NONE
WRK-TN-000573,0,NONE,NONE
WRK-RJ-000574,0,NONE,NONE
WRK-RJ-000575,0,NONE,NONE
WRK-UP-000576,0,NONE,NONE
WRK-UP-000577,0,NONE,NONE
WRK-UP-000578,0,NONE,NONE
WRK-RJ-000579,0,NONE,NONE
WRK-AS-000580,0,NONE,NONE
WRK-UP-000581,0,NONE,NONE
WRK-TN-000582,0,NONE,NONE
WRK-TN-000583,1,PUPPET_RING,CARTEL-TN-10
WRK-RJ-000584,0,NONE,CARTEL-RJ-08
WRK-UP-000585,0,NONE,NONE
WRK-RJ-000586,0,NONE,NONE
WRK-MH-000587,0,NONE,NONE
WRK-RJ-000588,0,NONE,NONE
WRK-MH-000589,0,NONE,CARTEL-MH-05
WRK-AS-000590,0,NONE,NONE
WRK-MH-000591,1,PUPPET_RING,CARTEL-MH-06
WRK-MH-000592,0,NONE,NONE
WRK-TN-000593,0,NONE,NONE
WRK-UP-000594,0,NONE,NONE
WRK-AS-000595,0,NONE,NONE
WRK-UP-000596,0,NONE,NONE
WRK-RJ-000597,0,NONE,NONE
WRK-RJ-000598,0,NONE,NONE
WRK-AS-000599,0,NONE,CARTEL-AS-01
WRK-MH-000600,0,NONE,NONE
WRK-TN-000601,0,NONE,CARTEL-TN-09
WRK-UP-000602,0,NONE,NONE
WRK-BR-000603,1,A4_VENDOR_CONCENTRATION,NONE
WRK-UP-000604,0,NONE,NONE
WRK-MH-000605,0,NONE,NONE
WRK-TN-000606,0,NONE,NONE
WRK-BR-000607,0,NONE,NONE
WRK-MH-000608,0,NONE,NONE
WRK-MH-000609,0,NONE,NONE
WRK-MH-000610,0,NONE,NONE
WRK-TN-000611,0,NONE,NONE
WRK-BR-000612,0,NONE,NONE
WRK-TN-000613,0,NONE,NONE
WRK-UP-000614,0,NONE,NONE
WRK-BR-000615,0,NONE,NONE
WRK-UP-000616,0,NONE,CARTEL-UP-11
WRK-TN-000617,0,NONE,NONE
WRK-BR-000618,1,PUPPET_RING,NONE
WRK-RJ-000619,0,NONE,NONE
WRK-TN-000620,0,NONE,CARTEL-TN-09
WRK-UP-000621,0,NONE,NONE
WRK-AS-000622,0,NONE,NONE
WRK-TN-000623,0,NONE,NONE
WRK-UP-000624,0,NONE,NONE
WRK-MH-000625,0,NONE,NONE
WRK-RJ-000626,1,A4_VENDOR_CONCENTRATION,NONE
WRK-RJ-000627,0,NONE,NONE
WRK-MH-000628,0,NONE,NONE
WRK-BR-000629,0,NONE,NONE
WRK-BR-000630,0,NONE,NONE
WRK-UP-000631,0,NONE,NONE
WRK-TN-000632,1,PUPPET_RING,CARTEL-TN-09
WRK-AS-000633,0,NONE,NONE
WRK-TN-000634,0,NONE,NONE
WRK-MH-000635,0,NONE,NONE
WRK-RJ-000636,0,NONE,NONE
WRK-BR-000637,1,PUPPET_RING,NONE
WRK-UP-000638,0,NONE,NONE
WRK-RJ-000639,0,NONE,CARTEL-RJ-08
WRK-TN-000640,0,NONE,NONE
WRK-UP-000641,0,NONE,NONE
WRK-TN-000642,0,NONE,NONE
WRK-RJ-000643,0,NONE,CARTEL-RJ-07
WRK-BR-000644,1,A5_SPEED_FRAUD,NONE
WRK-BR-000645,0,NONE,NONE
WRK-MH-000646,0,NONE,NONE
WRK-BR-000647,1,PUPPET_RING,NONE
WRK-AS-000648,0,NONE,NONE
WRK-BR-000649,1,PUPPET_RING,NONE
WRK-BR-000650,0,NONE,CARTEL-BR-03
WRK-AS-000651,0,NONE,NONE
WRK-AS-000652,0,NONE,NONE
WRK-AS-000653,0,NONE,NONE
WRK-UP-000654,0,NONE,NONE
WRK-RJ-000655,0,NONE,NONE
WRK-TN-000656,1,PUPPET_RING,CARTEL-TN-10
WRK-BR-000657,1,PUPPET_RING,NONE
WRK-TN-000658,0,NONE,NONE
WRK-RJ-000659,0,NONE,NONE
WRK-MH-000660,0,NONE,NONE
WRK-AS-000661,0,NONE,NONE
WRK-TN-000662,0,NONE,NONE
WRK-BR-000663,0,NONE,NONE
WRK-BR-000664,0,NONE,NONE
WRK-TN-000665,0,NONE,NONE
WRK-AS-000666,0,NONE,NONE
WRK-UP-000667,0,NONE,NONE
WRK-TN-000668,0,NONE,NONE
WRK-MH-000669,0,NONE,NONE
WRK-UP-000670,0,NONE,NONE
WRK-TN-000671,0,NONE,NONE
WRK-TN-000672,1,A2_COST_INFLATION,NONE
WRK-BR-000673,1,A4_VENDOR_CONCENTRATION,NONE
WRK-MH-000674,0,NONE,NONE
WRK-BR-000675,0,NONE,NONE
WRK-RJ-000676,0,NONE,NONE
WRK-BR-000677,0,NONE,CARTEL-BR-04
WRK-MH-000678,0,NONE,NONE
WRK-AS-000679,0,NONE,NONE
WRK-BR-000680,0,NONE,NONE
WRK-TN-000681,0,NONE,NONE
WRK-UP-000682,0,NONE,NONE
WRK-UP-000683,0,NONE,NONE
WRK-BR-000684,0,NONE,NONE
WRK-AS-000685,0,NONE,NONE
WRK-AS-000686,0,NONE,NONE
WRK-AS-000687,0,NONE,CARTEL-AS-01
WRK-BR-000688,0,NONE,NONE
WRK-UP-000689,0,NONE,NONE
WRK-AS-000690,0,NONE,NONE
WRK-TN-000691,0,NONE,CARTEL-TN-10
WRK-MH-000692,0,NONE,NONE
WRK-BR-000693,0,NONE,NONE
WRK-RJ-000694,0,NONE,CARTEL-RJ-07
WRK-BR-000695,0,NONE,NONE
WRK-RJ-000696,0,NONE,NONE
WRK-TN-000697,0,NONE,CARTEL-TN-09
WRK-TN-000698,0,NONE,NONE
WRK-RJ-000699,0,NONE,NONE
WRK-BR-000700,0,NONE,NONE
WRK-RJ-000701,0,NONE,NONE
WRK-UP-000702,0,NONE,NONE
WRK-RJ-000703,0,NONE,NONE
WRK-AS-000704,0,NONE,NONE
WRK-MH-000705,0,NONE,NONE
WRK-BR-000706,1,PUPPET_RING,NONE
WRK-TN-000707,0,NONE,NONE
WRK-AS-000708,0,NONE,NONE
WRK-UP-000709,0,NONE,NONE
WRK-UP-000710,0,NONE,NONE
WRK-RJ-000711,1,A5_SPEED_FRAUD,NONE
WRK-UP-000712,0,NONE,NONE
WRK-TN-000713,1,PUPPET_RING,NONE
WRK-TN-000714,0,NONE,NONE
WRK-BR-000715,0,NONE,NONE
WRK-BR-000716,0,NONE,NONE
WRK-MH-000717,0,NONE,NONE
WRK-RJ-000718,0,NONE,NONE
WRK-MH-000719,0,NONE,NONE
WRK-AS-000720,0,NONE,NONE
WRK-RJ-000721,0,NONE,NONE
WRK-RJ-000722,0,NONE,NONE
WRK-AS-000723,0,NONE,NONE
WRK-UP-000724,0,NONE,NONE
WRK-TN-000725,0,NONE,NONE
WRK-AS-000726,0,NONE,NONE
WRK-BR-000727,0,NONE,NONE
WRK-RJ-000728,0,NONE,NONE
WRK-MH-000729,0,NONE,NONE
WRK-TN-000730,0,NONE,NONE
WRK-AS-000731,0,NONE,NONE
WRK-MH-000732,1,A5_SPEED_FRAUD,NONE
WRK-BR-000733,0,NONE,NONE
WRK-MH-000734,1,A2_COST_INFLATION,NONE
WRK-UP-000735,1,A5_SPEED_FRAUD,NONE
WRK-MH-000736,0,NONE,NONE
WRK-AS-000737,0,NONE,NONE
WRK-UP-000738,0,NONE,NONE
WRK-UP-000739,0,NONE,NONE
WRK-UP-000740,0,NONE,NONE
WRK-UP-000741,0,NONE,NONE
WRK-AS-000742,0,NONE,NONE
WRK-UP-000743,0,NONE,NONE
WRK-BR-000744,1,PUPPET_RING,NONE
WRK-UP-000745,0,NONE,NONE
WRK-BR-000746,0,NONE,NONE
WRK-MH-000747,0,NONE,NONE
WRK-TN-000748,0,NONE,NONE
WRK-AS-000749,0,NONE,NONE
WRK-UP-000750,0,NONE,NONE
WRK-RJ-000751,0,NONE,NONE
WRK-AS-000752,0,NONE,NONE
WRK-BR-000753,0,NONE,NONE
WRK-RJ-000754,0,NONE,NONE
WRK-BR-000755,0,NONE,NONE
WRK-TN-000756,0,NONE,NONE
WRK-UP-000757,0,NONE,CARTEL-UP-11
WRK-UP-000758,0,NONE,NONE
WRK-BR-000759,0,NONE,NONE
WRK-AS-000760,0,NONE,NONE
WRK-AS-000761,0,NONE,NONE
WRK-MH-000762,0,NONE,NONE
WRK-TN-000763,1,PUPPET_RING,NONE
WRK-BR-000764,0,NONE,NONE
WRK-AS-000765,0,NONE,NONE
WRK-UP-000766,0,NONE,NONE
WRK-MH-000767,0,NONE,NONE
WRK-RJ-000768,0,NONE,NONE
WRK-BR-000769,1,PUPPET_RING,NONE
WRK-AS-000770,0,NONE,NONE
WRK-UP-000771,1,A1_DUPLICATE_WORK,NONE
WRK-MH-000772,1,PUPPET_RING,NONE
WRK-RJ-000773,0,NONE,NONE
WRK-BR-000774,0,NONE,NONE
WRK-BR-000775,0,NONE,NONE
WRK-AS-000776,0,NONE,NONE
WRK-BR-000777,0,NONE,CARTEL-BR-03
WRK-RJ-000778,0,NONE,NONE
WRK-AS-000779,0,NONE,NONE
WRK-AS-000780,0,NONE,NONE
WRK-AS-000781,0,NONE,CARTEL-AS-02
WRK-AS-000782,0,NONE,NONE
WRK-MH-000783,0,NONE,NONE
WRK-MH-000784,0,NONE,NONE
WRK-TN-000785,0,NONE,NONE
WRK-MH-000786,0,NONE,NONE
WRK-BR-000787,0,NONE,NONE
WRK-AS-000788,0,NONE,NONE
WRK-RJ-000789,0,NONE,NONE
WRK-AS-000790,0,NONE,NONE
WRK-MH-000791,0,NONE,NONE
WRK-BR-000792,1,A4_VENDOR_CONCENTRATION,NONE
WRK-AS-000793,0,NONE,NONE
WRK-RJ-000794,0,NONE,NONE
WRK-UP-000795,0,NONE,NONE
WRK-TN-000796,0,NONE,NONE
WRK-AS-000797,0,NONE,NONE
WRK-MH-000798,1,A1_DUPLICATE_WORK,NONE
WRK-RJ-000799,0,NONE,CARTEL-RJ-07
WRK-MH-000800,0,NONE,CARTEL-MH-05
WRK-BR-000801,1,A4_VENDOR_CONCENTRATION,NONE
WRK-RJ-000802,0,NONE,NONE
WRK-RJ-000803,0,NONE,NONE
WRK-AS-000804,1,A1_DUPLICATE_WORK,CARTEL-AS-02
WRK-TN-000805,0,NONE,NONE
WRK-UP-000806,0,NONE,NONE
WRK-UP-000807,0,NONE,NONE
WRK-TN-000808,0,NONE,NONE
WRK-UP-000809,0,NONE,NONE
WRK-TN-000810,0,NONE,NONE
WRK-AS-000811,0,NONE,NONE
WRK-UP-000812,0,NONE,CARTEL-UP-11
WRK-MH-000813,0,NONE,NONE
WRK-RJ-000814,0,NONE,NONE
WRK-MH-000815,0,NONE,NONE
WRK-BR-000816,0,NONE,NONE
WRK-BR-000817,0,NONE,NONE
WRK-UP-000818,0,NONE,NONE
WRK-RJ-000819,0,NONE,NONE
WRK-TN-000820,1,PUPPET_RING,NONE
WRK-RJ-000821,0,NONE,NONE
WRK-BR-000822,0,NONE,CARTEL-BR-03
WRK-RJ-000823,0,NONE,CARTEL-RJ-07
WRK-AS-000824,0,NONE,NONE
WRK-RJ-000825,0,NONE,CARTEL-RJ-07
WRK-RJ-000826,0,NONE,CARTEL-RJ-08
WRK-MH-000827,0,NONE,NONE
WRK-BR-000828,0,NONE,NONE
WRK-TN-000829,0,NONE,NONE
WRK-BR-000830,1,A1_DUPLICATE_WORK,NONE
WRK-BR-000831,1,A3_OVER_RELEASE,CARTEL-BR-04
WRK-UP-000832,0,NONE,NONE
WRK-BR-000833,0,NONE,NONE
WRK-BR-000834,0,NONE,NONE
WRK-AS-000835,0,NONE,NONE
WRK-TN-000836,0,NONE,NONE
WRK-TN-000837,0,NONE,NONE
WRK-TN-000838,0,NONE,NONE
WRK-BR-000839,0,NONE,NONE
WRK-RJ-000840,0,NONE,NONE
WRK-MH-000841,0,NONE,NONE
WRK-TN-000842,0,NONE,NONE
WRK-BR-000843,0,NONE,NONE
WRK-AS-000844,1,A1_DUPLICATE_WORK,NONE
WRK-BR-000845,0,NONE,NONE
WRK-TN-000846,1,PUPPET_RING,CARTEL-TN-10
WRK-MH-000847,0,NONE,NONE
WRK-AS-000848,0,NONE,NONE
WRK-RJ-000849,0,NONE,CARTEL-RJ-08
WRK-MH-000850,0,NONE,NONE
WRK-BR-000851,0,NONE,NONE
WRK-RJ-000852,0,NONE,NONE
WRK-RJ-000853,0,NONE,NONE
WRK-UP-000854,0,NONE,NONE
WRK-TN-000855,0,NONE,NONE
WRK-BR-000856,0,NONE,NONE
WRK-RJ-000857,0,NONE,NONE
WRK-RJ-000858,0,NONE,NONE
WRK-MH-000859,0,NONE,CARTEL-MH-05
WRK-UP-000860,0,NONE,NONE
WRK-UP-000861,0,NONE,CARTEL-UP-11
WRK-RJ-000862,0,NONE,NONE
WRK-AS-000863,0,NONE,NONE
WRK-TN-000864,0,NONE,NONE
WRK-RJ-000865,0,NONE,CARTEL-RJ-08
WRK-UP-000866,0,NONE,NONE
WRK-UP-000867,0,NONE,NONE
WRK-UP-000868,0,NONE,NONE
WRK-AS-000869,0,NONE,NONE
WRK-UP-000870,0,NONE,NONE
WRK-TN-000871,0,NONE,NONE
WRK-AS-000872,0,NONE,NONE
WRK-RJ-000873,0,NONE,NONE
WRK-MH-000874,0,NONE,NONE
WRK-MH-000875,0,NONE,NONE
WRK-UP-000876,0,NONE,CARTEL-UP-11
WRK-MH-000877,0,NONE,NONE
WRK-UP-000878,0,NONE,NONE
WRK-MH-000879,0,NONE,NONE
WRK-MH-000880,0,NONE,CARTEL-MH-06
WRK-BR-000881,0,NONE,CARTEL-BR-03
WRK-RJ-000882,0,NONE,NONE
WRK-RJ-000883,0,NONE,CARTEL-RJ-08
WRK-TN-000884,1,A2_COST_INFLATION,NONE
WRK-MH-000885,0,NONE,NONE
WRK-MH-000886,0,NONE,CARTEL-MH-05
WRK-TN-000887,0,NONE,NONE
WRK-TN-000888,0,NONE,NONE
WRK-AS-000889,0,NONE,NONE
WRK-BR-000890,0,NONE,NONE
WRK-BR-000891,0,NONE,NONE
WRK-MH-000892,0,NONE,NONE
WRK-BR-000893,0,NONE,NONE
WRK-BR-000894,1,A4_VENDOR_CONCENTRATION,NONE
WRK-UP-000895,0,NONE,NONE
WRK-BR-000896,1,PUPPET_RING,NONE
WRK-BR-000897,0,NONE,NONE
WRK-BR-000898,0,NONE,NONE
WRK-BR-000899,0,NONE,NONE
WRK-BR-000900,0,NONE,NONE
WRK-BR-000901,0,NONE,NONE
WRK-BR-000902,1,PUPPET_RING,NONE
WRK-MH-000903,0,NONE,NONE
WRK-UP-000904,0,NONE,NONE
WRK-TN-000905,0,NONE,NONE
WRK-BR-000906,0,NONE,NONE
WRK-MH-000907,0,NONE,NONE
WRK-UP-000908,0,NONE,NONE
WRK-UP-000909,0,NONE,NONE
WRK-UP-000910,0,NONE,NONE
WRK-UP-000911,0,NONE,NONE
WRK-UP-000912,0,NONE,NONE
WRK-BR-000913,1,PUPPET_RING,NONE
WRK-BR-000914,0,NONE,NONE
WRK-UP-000915,0,NONE,NONE
WRK-RJ-000916,0,NONE,NONE
WRK-AS-000917,0,NONE,NONE
WRK-MH-000918,0,NONE,NONE
WRK-MH-000919,0,NONE,NONE
WRK-RJ-000920,0,NONE,NONE
WRK-TN-000921,0,NONE,CARTEL-TN-09
WRK-MH-000922,0,NONE,NONE
WRK-AS-000923,0,NONE,NONE
WRK-BR-000924,0,NONE,NONE
WRK-TN-000925,0,NONE,NONE
WRK-AS-000926,0,NONE,NONE
WRK-AS-000927,1,A5_SPEED_FRAUD,CARTEL-AS-01
WRK-MH-000928,1,PUPPET_RING,NONE
WRK-MH-000929,0,NONE,CARTEL-MH-06
WRK-TN-000930,0,NONE,NONE
WRK-BR-000931,0,NONE,NONE
WRK-RJ-000932,0,NONE,NONE
WRK-MH-000933,0,NONE,NONE
WRK-AS-000934,0,NONE,NONE
WRK-MH-000935,1,PUPPET_RING,NONE
WRK-AS-000936,0,NONE,NONE
WRK-UP-000937,0,NONE,NONE
WRK-AS-000938,0,NONE,NONE
WRK-TN-000939,0,NONE,CARTEL-TN-09
WRK-AS-000940,0,NONE,NONE
WRK-UP-000941,0,NONE,NONE
WRK-MH-000942,0,NONE,NONE
WRK-MH-000943,0,NONE,NONE
WRK-BR-000944,0,NONE,NONE
WRK-BR-000945,0,NONE,CARTEL-BR-04
WRK-UP-000946,0,NONE,NONE
WRK-AS-000947,0,NONE,CARTEL-AS-02
WRK-AS-000948,0,NONE,NONE
WRK-TN-000949,0,NONE,NONE
WRK-MH-000950,0,NONE,NONE
WRK-UP-000951,0,NONE,NONE
WRK-RJ-000952,0,NONE,CARTEL-RJ-07
WRK-AS-000953,0,NONE,NONE
WRK-UP-000954,0,NONE,CARTEL-UP-11
WRK-MH-000955,0,NONE,CARTEL-MH-05
WRK-UP-000956,0,NONE,NONE
WRK-TN-000957,0,NONE,NONE
WRK-UP-000958,0,NONE,NONE
WRK-TN-000959,0,NONE,CARTEL-TN-10
WRK-BR-000960,1,PUPPET_RING,NONE
WRK-BR-000961,0,NONE,NONE
WRK-MH-000962,0,NONE,NONE
WRK-UP-000963,0,NONE,NONE
WRK-RJ-000964,0,NONE,NONE
WRK-UP-000965,0,NONE,NONE
WRK-RJ-000966,0,NONE,NONE
WRK-TN-000967,0,NONE,NONE
WRK-AS-000968,0,NONE,CARTEL-AS-02
WRK-UP-000969,0,NONE,NONE
WRK-RJ-000970,0,NONE,CARTEL-RJ-08
WRK-BR-000971,1,A4_VENDOR_CONCENTRATION,NONE
WRK-BR-000972,1,PUPPET_RING,NONE
WRK-RJ-000973,0,NONE,NONE
WRK-TN-000974,0,NONE,NONE
WRK-AS-000975,0,NONE,NONE
WRK-UP-000976,0,NONE,NONE
WRK-AS-000977,0,NONE,NONE
WRK-MH-000978,0,NONE,NONE
WRK-TN-000979,1,PUPPET_RING,CARTEL-TN-10
WRK-MH-000980,0,NONE,NONE
WRK-AS-000981,0,NONE,CARTEL-AS-02
WRK-BR-000982,0,NONE,NONE
WRK-AS-000983,1,A1_DUPLICATE_WORK,NONE
WRK-BR-000984,0,NONE,NONE
WRK-RJ-000985,0,NONE,NONE
WRK-UP-000986,0,NONE,NONE
WRK-UP-000987,0,NONE,NONE
WRK-TN-000988,0,NONE,CARTEL-TN-09
WRK-TN-000989,0,NONE,CARTEL-TN-10
WRK-UP-000990,0,NONE,NONE
WRK-UP-000991,0,NONE,NONE
WRK-UP-000992,0,NONE,NONE
WRK-UP-000993,0,NONE,NONE
WRK-RJ-000994,0,NONE,NONE
WRK-MH-000995,1,A2_COST_INFLATION,CARTEL-MH-06
WRK-UP-000996,0,NONE,NONE
WRK-RJ-000997,0,NONE,NONE
WRK-BR-000998,0,NONE,NONE
WRK-UP-000999,0,NONE,NONE
WRK-UP-001000,0,NONE,NONE
WRK-TN-001001,0,NONE,NONE
WRK-TN-001002,0,NONE,NONE
WRK-AS-001003,0,NONE,NONE
WRK-BR-001004,0,NONE,NONE
WRK-AS-001005,0,NONE,NONE
WRK-RJ-001006,0,NONE,NONE
WRK-MH-001007,0,NONE,NONE
WRK-RJ-001008,0,NONE,NONE
WRK-RJ-001009,0,NONE,NONE
WRK-TN-001010,0,NONE,NONE
WRK-RJ-001011,0,NONE,CARTEL-RJ-08
WRK-MH-001012,0,NONE,NONE
WRK-TN-001013,0,NONE,NONE
WRK-AS-001014,0,NONE,CARTEL-AS-01
WRK-BR-001015,1,A4_VENDOR_CONCENTRATION,NONE
WRK-TN-001016,0,NONE,NONE
WRK-MH-001017,0,NONE,NONE
WRK-BR-001018,1,A3_OVER_RELEASE,NONE
WRK-RJ-001019,0,NONE,NONE
WRK-BR-001020,0,NONE,NONE
WRK-AS-001021,0,NONE,NONE
WRK-BR-001022,0,NONE,NONE
WRK-AS-001023,0,NONE,NONE
WRK-UP-001024,0,NONE,NONE
WRK-BR-001025,0,NONE,NONE
WRK-RJ-001026,0,NONE,NONE
WRK-RJ-001027,0,NONE,NONE
WRK-RJ-001028,0,NONE,NONE
WRK-RJ-001029,0,NONE,NONE
WRK-TN-001030,1,PUPPET_RING,CARTEL-TN-10
WRK-RJ-001031,0,NONE,CARTEL-RJ-07
WRK-TN-001032,0,NONE,NONE
WRK-RJ-001033,0,NONE,NONE
WRK-AS-001034,0,NONE,NONE
WRK-RJ-001035,0,NONE,CARTEL-RJ-07
WRK-TN-001036,0,NONE,NONE
WRK-MH-001037,0,NONE,NONE
WRK-TN-001038,0,NONE,NONE
WRK-AS-001039,0,NONE,NONE
WRK-BR-001040,0,NONE,CARTEL-BR-04
WRK-UP-001041,0,NONE,NONE
WRK-AS-001042,0,NONE,NONE
WRK-BR-001043,0,NONE,NONE
WRK-MH-001044,0,NONE,NONE
WRK-UP-001045,0,NONE,NONE
WRK-RJ-001046,0,NONE,NONE
WRK-TN-001047,0,NONE,NONE
WRK-UP-001048,0,NONE,NONE
WRK-UP-001049,0,NONE,NONE
WRK-RJ-001050,0,NONE,NONE
WRK-RJ-001051,0,NONE,NONE
WRK-RJ-001052,0,NONE,NONE
WRK-MH-001053,0,NONE,NONE
WRK-MH-001054,0,NONE,NONE
WRK-TN-001055,0,NONE,NONE
WRK-MH-001056,0,NONE,CARTEL-MH-06
WRK-BR-001057,1,PUPPET_RING,NONE
WRK-RJ-001058,0,NONE,NONE
WRK-AS-001059,1,A1_DUPLICATE_WORK,NONE
WRK-BR-001060,1,A1_DUPLICATE_WORK,NONE
WRK-UP-001061,0,NONE,NONE
WRK-TN-001062,0,NONE,NONE
WRK-RJ-001063,0,NONE,CARTEL-RJ-07
WRK-UP-001064,0,NONE,NONE
WRK-TN-001065,0,NONE,NONE
WRK-MH-001066,0,NONE,NONE
WRK-MH-001067,0,NONE,NONE
WRK-UP-001068,0,NONE,NONE
WRK-TN-001069,0,NONE,NONE
WRK-RJ-001070,0,NONE,NONE
WRK-MH-001071,0,NONE,NONE
WRK-MH-001072,0,NONE,NONE
WRK-RJ-001073,0,NONE,NONE
WRK-UP-001074,0,NONE,NONE
WRK-TN-001075,0,NONE,NONE
WRK-RJ-001076,0,NONE,NONE
WRK-AS-001077,0,NONE,CARTEL-AS-01
WRK-UP-001078,0,NONE,NONE
WRK-AS-001079,0,NONE,NONE
WRK-MH-001080,0,NONE,NONE
WRK-UP-001081,0,NONE,NONE
WRK-TN-001082,0,NONE,NONE
WRK-BR-001083,0,NONE,NONE
WRK-UP-001084,0,NONE,NONE
WRK-AS-001085,0,NONE,NONE
WRK-BR-001086,0,NONE,NONE
WRK-TN-001087,0,NONE,NONE
WRK-BR-001088,1,PUPPET_RING,NONE
WRK-BR-001089,1,PUPPET_RING,NONE
WRK-UP-001090,0,NONE,NONE
WRK-UP-001091,0,NONE,NONE
WRK-AS-001092,0,NONE,NONE
WRK-BR-001093,0,NONE,NONE
WRK-TN-001094,0,NONE,NONE
WRK-RJ-001095,0,NONE,CARTEL-RJ-07
WRK-MH-001096,0,NONE,CARTEL-MH-05
WRK-MH-001097,0,NONE,CARTEL-MH-05
WRK-MH-001098,0,NONE,NONE
WRK-UP-001099,0,NONE,NONE
WRK-AS-001100,0,NONE,CARTEL-AS-02
WRK-BR-001101,0,NONE,NONE
WRK-BR-001102,0,NONE,NONE
WRK-TN-001103,0,NONE,NONE
WRK-AS-001104,0,NONE,NONE
WRK-UP-001105,0,NONE,NONE
WRK-BR-001106,0,NONE,NONE
WRK-AS-001107,0,NONE,NONE
WRK-TN-001108,0,NONE,NONE
WRK-UP-001109,0,NONE,NONE
WRK-MH-001110,0,NONE,CARTEL-MH-05
WRK-BR-001111,0,NONE,NONE
WRK-AS-001112,0,NONE,NONE
WRK-AS-001113,0,NONE,NONE
WRK-AS-001114,0,NONE,NONE
WRK-RJ-001115,0,NONE,NONE
WRK-UP-001116,0,NONE,NONE
WRK-UP-001117,0,NONE,NONE
WRK-BR-001118,0,NONE,CARTEL-BR-03
WRK-AS-001119,0,NONE,NONE
WRK-MH-001120,0,NONE,NONE
WRK-RJ-001121,0,NONE,NONE
WRK-AS-001122,0,NONE,NONE
WRK-BR-001123,0,NONE,NONE
WRK-BR-001124,0,NONE,CARTEL-BR-04
WRK-MH-001125,0,NONE,NONE
WRK-TN-001126,0,NONE,NONE
WRK-AS-001127,0,NONE,NONE
WRK-AS-001128,0,NONE,NONE
WRK-MH-001129,0,NONE,NONE
WRK-MH-001130,0,NONE,NONE
WRK-RJ-001131,0,NONE,NONE
WRK-TN-001132,0,NONE,NONE
WRK-MH-001133,0,NONE,NONE
WRK-TN-001134,0,NONE,NONE
WRK-UP-001135,0,NONE,NONE
WRK-RJ-001136,0,NONE,NONE
WRK-RJ-001137,0,NONE,NONE
WRK-AS-001138,0,NONE,NONE
WRK-MH-001139,1,PUPPET_RING,NONE
WRK-MH-001140,0,NONE,NONE
WRK-BR-001141,0,NONE,NONE
WRK-UP-001142,0,NONE,NONE
WRK-BR-001143,0,NONE,NONE
WRK-MH-001144,0,NONE,NONE
WRK-AS-001145,0,NONE,NONE
WRK-MH-001146,0,NONE,NONE
WRK-UP-001147,0,NONE,NONE
WRK-BR-001148,1,PUPPET_RING,NONE
WRK-MH-001149,0,NONE,NONE
WRK-RJ-001150,0,NONE,NONE
WRK-UP-001151,0,NONE,NONE
WRK-RJ-001152,0,NONE,NONE
WRK-TN-001153,0,NONE,NONE
WRK-TN-001154,0,NONE,NONE
WRK-RJ-001155,0,NONE,NONE
WRK-RJ-001156,1,A2_COST_INFLATION,NONE
WRK-AS-001157,0,NONE,CARTEL-AS-02
WRK-BR-001158,1,A1_DUPLICATE_WORK,NONE
WRK-TN-001159,0,NONE,NONE
WRK-RJ-001160,0,NONE,NONE
WRK-AS-001161,0,NONE,NONE
WRK-UP-001162,0,NONE,NONE
WRK-BR-001163,1,PUPPET_RING,NONE
WRK-UP-001164,0,NONE,NONE
WRK-UP-001165,0,NONE,NONE
WRK-UP-001166,0,NONE,NONE
WRK-BR-001167,0,NONE,NONE
WRK-AS-001168,0,NONE,NONE
WRK-AS-001169,0,NONE,NONE
WRK-BR-001170,0,NONE,NONE
WRK-MH-001171,0,NONE,NONE
WRK-MH-001172,0,NONE,NONE
WRK-TN-001173,0,NONE,NONE
WRK-RJ-001174,1,A4_VENDOR_CONCENTRATION,NONE
WRK-UP-001175,1,A1_DUPLICATE_WORK,NONE
WRK-BR-001176,0,NONE,CARTEL-BR-03
WRK-UP-001177,0,NONE,NONE
WRK-UP-001178,0,NONE,NONE
WRK-RJ-001179,0,NONE,CARTEL-RJ-07
WRK-RJ-001180,1,A4_VENDOR_CONCENTRATION,NONE
WRK-TN-001181,1,A3_OVER_RELEASE,NONE
WRK-RJ-001182,1,A4_VENDOR_CONCENTRATION,NONE
WRK-AS-001183,0,NONE,NONE
WRK-RJ-001184,0,NONE,NONE
WRK-TN-001185,0,NONE,NONE
WRK-RJ-001186,0,NONE,NONE
WRK-BR-001187,1,PUPPET_RING,NONE
WRK-BR-001188,0,NONE,NONE
WRK-AS-001189,0,NONE,NONE
WRK-MH-001190,0,NONE,NONE
WRK-RJ-001191,0,NONE,NONE
WRK-RJ-001192,0,NONE,NONE
WRK-TN-001193,0,NONE,NONE
WRK-AS-001194,0,NONE,NONE
WRK-UP-001195,0,NONE,NONE
WRK-BR-001196,0,NONE,NONE
WRK-UP-001197,0,NONE,NONE
WRK-RJ-001198,0,NONE,NONE
WRK-MH-001199,0,NONE,NONE
WRK-AS-001200,0,NONE,NONE
WRK-BR-001201,0,NONE,NONE
WRK-BR-001202,0,NONE,NONE
WRK-AS-001203,0,NONE,CARTEL-AS-01
WRK-TN-001204,0,NONE,NONE
WRK-MH-001205,0,NONE,NONE
WRK-MH-001206,0,NONE,NONE
WRK-BR-001207,0,NONE,NONE
WRK-AS-001208,0,NONE,NONE
WRK-BR-001209,1,A1_DUPLICATE_WORK,NONE
WRK-MH-001210,0,NONE,NONE
WRK-BR-001211,0,NONE,CARTEL-BR-04
WRK-RJ-001212,0,NONE,NONE
WRK-AS-001213,0,NONE,NONE
WRK-RJ-001214,0,NONE,NONE
WRK-BR-001215,0,NONE,NONE
WRK-TN-001216,0,NONE,NONE
WRK-BR-001217,0,NONE,NONE
WRK-TN-001218,0,NONE,NONE
WRK-RJ-001219,0,NONE,NONE
WRK-TN-001220,0,NONE,NONE
WRK-BR-001221,0,NONE,NONE
WRK-BR-001222,0,NONE,NONE
WRK-BR-001223,0,NONE,NONE
WRK-MH-001224,0,NONE,NONE
WRK-UP-001225,0,NONE,NONE
WRK-UP-001226,0,NONE,CARTEL-UP-11
WRK-RJ-001227,0,NONE,NONE
WRK-BR-001228,0,NONE,NONE
WRK-AS-001229,0,NONE,NONE
WRK-TN-001230,0,NONE,NONE
WRK-MH-001231,0,NONE,NONE
WRK-AS-001232,1,A1_DUPLICATE_WORK,NONE
WRK-UP-001233,0,NONE,NONE
WRK-UP-001234,0,NONE,NONE
WRK-TN-001235,0,NONE,NONE
WRK-AS-001236,0,NONE,NONE
WRK-MH-001237,0,NONE,NONE
WRK-TN-001238,0,NONE,NONE
WRK-MH-001239,0,NONE,NONE
WRK-RJ-001240,0,NONE,NONE
WRK-BR-001241,1,PUPPET_RING,NONE
WRK-MH-001242,0,NONE,CARTEL-MH-06
WRK-AS-001243,0,NONE,NONE
WRK-RJ-001244,1,A4_VENDOR_CONCENTRATION,NONE
WRK-UP-001245,1,A3_OVER_RELEASE,NONE
WRK-RJ-001246,0,NONE,NONE
WRK-TN-001247,0,NONE,NONE
WRK-TN-001248,0,NONE,NONE
WRK-BR-001249,0,NONE,CARTEL-BR-04
WRK-AS-001250,0,NONE,NONE
WRK-RJ-001251,0,NONE,NONE
WRK-BR-001252,0,NONE,NONE
WRK-TN-001253,0,NONE,NONE
WRK-MH-001254,1,PUPPET_RING,NONE
WRK-AS-001255,0,NONE,CARTEL-AS-01
WRK-RJ-001256,0,NONE,NONE
WRK-AS-001257,0,NONE,NONE
WRK-UP-001258,0,NONE,NONE
WRK-BR-001259,0,NONE,NONE
WRK-RJ-001260,0,NONE,NONE
WRK-AS-001261,0,NONE,NONE
WRK-RJ-001262,0,NONE,NONE
WRK-MH-001263,0,NONE,NONE
WRK-AS-001264,0,NONE,NONE
WRK-AS-001265,0,NONE,NONE
WRK-RJ-001266,0,NONE,NONE
WRK-UP-001267,0,NONE,NONE
WRK-MH-001268,0,NONE,CARTEL-MH-06
WRK-AS-001269,0,NONE,CARTEL-AS-02
WRK-MH-001270,0,NONE,NONE
WRK-RJ-001271,0,NONE,CARTEL-RJ-08
WRK-BR-001272,0,NONE,NONE
WRK-TN-001273,0,NONE,NONE
WRK-UP-001274,0,NONE,NONE
WRK-AS-001275,0,NONE,NONE
WRK-RJ-001276,0,NONE,NONE
WRK-TN-001277,0,NONE,NONE
WRK-BR-001278,1,A4_VENDOR_CONCENTRATION,NONE
WRK-TN-001279,0,NONE,NONE
WRK-TN-001280,1,PUPPET_RING,NONE
WRK-TN-001281,0,NONE,NONE
WRK-RJ-001282,0,NONE,NONE
WRK-AS-001283,0,NONE,NONE
WRK-BR-001284,0,NONE,NONE
WRK-MH-001285,0,NONE,NONE
WRK-MH-001286,0,NONE,NONE
WRK-UP-001287,0,NONE,NONE
WRK-MH-001288,0,NONE,NONE
WRK-MH-001289,0,NONE,NONE
WRK-BR-001290,0,NONE,NONE
WRK-TN-001291,0,NONE,NONE
WRK-RJ-001292,0,NONE,NONE
WRK-RJ-001293,0,NONE,CARTEL-RJ-08
WRK-MH-001294,0,NONE,NONE
WRK-MH-001295,0,NONE,NONE
WRK-BR-001296,0,NONE,NONE
WRK-MH-001297,0,NONE,CARTEL-MH-05
WRK-RJ-001298,1,A1_DUPLICATE_WORK,NONE
WRK-TN-001299,0,NONE,NONE
WRK-AS-001300,0,NONE,NONE
WRK-UP-001301,0,NONE,NONE
WRK-RJ-001302,0,NONE,NONE
WRK-RJ-001303,0,NONE,NONE
WRK-UP-001304,0,NONE,NONE
WRK-TN-001305,0,NONE,NONE
WRK-UP-001306,0,NONE,NONE
WRK-BR-001307,0,NONE,NONE
WRK-TN-001308,0,NONE,NONE
WRK-BR-001309,1,A4_VENDOR_CONCENTRATION,NONE
WRK-UP-001310,0,NONE,NONE
WRK-UP-001311,0,NONE,NONE
WRK-RJ-001312,0,NONE,NONE
WRK-UP-001313,0,NONE,CARTEL-UP-11
WRK-RJ-001314,0,NONE,NONE
WRK-AS-001315,0,NONE,NONE
WRK-UP-001316,0,NONE,NONE
WRK-MH-001317,0,NONE,NONE
WRK-UP-001318,0,NONE,CARTEL-UP-11
WRK-BR-001319,0,NONE,NONE
WRK-BR-001320,0,NONE,NONE
WRK-AS-001321,0,NONE,NONE
WRK-BR-001322,0,NONE,NONE
WRK-RJ-001323,0,NONE,NONE
WRK-BR-001324,0,NONE,NONE
WRK-UP-001325,0,NONE,CARTEL-UP-11
WRK-TN-001326,0,NONE,NONE
WRK-AS-001327,1,A5_SPEED_FRAUD,NONE
WRK-MH-001328,0,NONE,NONE
WRK-TN-001329,0,NONE,NONE
WRK-MH-001330,0,NONE,CARTEL-MH-05
WRK-UP-001331,0,NONE,NONE
WRK-UP-001332,0,NONE,NONE
WRK-TN-001333,0,NONE,NONE
WRK-RJ-001334,0,NONE,NONE
WRK-AS-001335,0,NONE,NONE
WRK-TN-001336,0,NONE,NONE
WRK-AS-001337,0,NONE,NONE
WRK-BR-001338,0,NONE,NONE
WRK-AS-001339,0,NONE,NONE
WRK-TN-001340,0,NONE,NONE
WRK-AS-001341,0,NONE,NONE
WRK-BR-001342,1,A3_OVER_RELEASE,NONE
WRK-TN-001343,0,NONE,NONE
WRK-BR-001344,1,A4_VENDOR_CONCENTRATION,NONE
WRK-BR-001345,1,A4_VENDOR_CONCENTRATION,NONE
WRK-TN-001346,0,NONE,CARTEL-TN-10
WRK-UP-001347,0,NONE,NONE
WRK-AS-001348,0,NONE,NONE
WRK-BR-001349,0,NONE,NONE
WRK-TN-001350,0,NONE,NONE
WRK-UP-001351,0,NONE,NONE
WRK-TN-001352,0,NONE,NONE
WRK-UP-001353,0,NONE,NONE
WRK-AS-001354,0,NONE,NONE
WRK-MH-001355,0,NONE,NONE
WRK-UP-001356,0,NONE,NONE
WRK-BR-001357,0,NONE,NONE
WRK-UP-001358,0,NONE,NONE
WRK-BR-001359,0,NONE,NONE
WRK-TN-001360,0,NONE,NONE
WRK-BR-001361,0,NONE,NONE
WRK-RJ-001362,0,NONE,NONE
WRK-UP-001363,0,NONE,NONE
WRK-UP-001364,0,NONE,NONE
WRK-BR-001365,0,NONE,CARTEL-BR-04
WRK-AS-001366,0,NONE,NONE
WRK-MH-001367,0,NONE,NONE
WRK-BR-001368,0,NONE,NONE
WRK-UP-001369,0,NONE,NONE
WRK-AS-001370,0,NONE,CARTEL-AS-01
WRK-TN-001371,0,NONE,NONE
WRK-UP-001372,0,NONE,NONE
WRK-BR-001373,0,NONE,NONE
WRK-AS-001374,0,NONE,CARTEL-AS-01
WRK-RJ-001375,0,NONE,NONE
WRK-TN-001376,0,NONE,NONE
WRK-AS-001377,0,NONE,NONE
WRK-RJ-001378,1,A3_OVER_RELEASE,NONE
WRK-UP-001379,0,NONE,NONE
WRK-UP-001380,0,NONE,NONE
WRK-BR-001381,1,A4_VENDOR_CONCENTRATION,NONE
WRK-UP-001382,0,NONE,NONE
WRK-TN-001383,0,NONE,NONE
WRK-UP-001384,0,NONE,NONE
WRK-MH-001385,0,NONE,NONE
WRK-TN-001386,0,NONE,NONE
WRK-BR-001387,0,NONE,NONE
WRK-TN-001388,0,NONE,NONE
WRK-MH-001389,0,NONE,NONE
WRK-AS-001390,0,NONE,NONE
WRK-RJ-001391,0,NONE,NONE
WRK-UP-001392,0,NONE,NONE
WRK-AS-001393,0,NONE,NONE
WRK-TN-001394,1,PUPPET_RING,CARTEL-TN-09
WRK-MH-001395,0,NONE,NONE
WRK-MH-001396,0,NONE,NONE
WRK-TN-001397,0,NONE,NONE
WRK-RJ-001398,0,NONE,NONE
WRK-MH-001399,0,NONE,NONE
WRK-MH-001400,0,NONE,NONE
WRK-MH-001401,1,A3_OVER_RELEASE,NONE
WRK-AS-001402,0,NONE,NONE
WRK-UP-001403,0,NONE,NONE
WRK-MH-001404,0,NONE,NONE
WRK-BR-001405,0,NONE,CARTEL-BR-04
WRK-RJ-001406,0,NONE,NONE
WRK-MH-001407,0,NONE,NONE
WRK-MH-001408,0,NONE,NONE
WRK-UP-001409,0,NONE,NONE
WRK-BR-001410,1,PUPPET_RING,NONE
WRK-TN-001411,0,NONE,CARTEL-TN-10
WRK-MH-001412,0,NONE,NONE
WRK-TN-001413,0,NONE,NONE
WRK-BR-001414,0,NONE,NONE
WRK-MH-001415,0,NONE,NONE
WRK-BR-001416,0,NONE,CARTEL-BR-04
WRK-UP-001417,0,NONE,CARTEL-UP-11
WRK-BR-001418,0,NONE,NONE
WRK-TN-001419,1,A5_SPEED_FRAUD,NONE
WRK-BR-001420,0,NONE,NONE
WRK-RJ-001421,0,NONE,NONE
WRK-UP-001422,0,NONE,NONE
WRK-RJ-001423,0,NONE,CARTEL-RJ-08
WRK-MH-001424,0,NONE,NONE
WRK-BR-001425,0,NONE,NONE
WRK-AS-001426,0,NONE,NONE
WRK-BR-001427,0,NONE,NONE
WRK-BR-001428,0,NONE,NONE
WRK-BR-001429,0,NONE,NONE
WRK-UP-001430,0,NONE,NONE
WRK-BR-001431,0,NONE,NONE
WRK-BR-001432,1,PUPPET_RING,NONE
WRK-AS-001433,0,NONE,NONE
WRK-UP-001434,0,NONE,NONE
WRK-AS-001435,0,NONE,CARTEL-AS-02
WRK-TN-001436,0,NONE,NONE
WRK-BR-001437,0,NONE,NONE
WRK-TN-001438,0,NONE,NONE
WRK-MH-001439,0,NONE,NONE
WRK-BR-001440,0,NONE,NONE
WRK-BR-001441,0,NONE,NONE
WRK-TN-001442,1,PUPPET_RING,CARTEL-TN-09
WRK-AS-001443,0,NONE,NONE
WRK-MH-001444,0,NONE,NONE
WRK-AS-001445,0,NONE,NONE
WRK-RJ-001446,0,NONE,NONE
WRK-TN-001447,0,NONE,NONE
WRK-BR-001448,1,PUPPET_RING,NONE
WRK-UP-001449,0,NONE,CARTEL-UP-11
WRK-BR-001450,0,NONE,NONE
WRK-MH-001451,0,NONE,NONE
WRK-RJ-001452,0,NONE,CARTEL-RJ-08
WRK-TN-001453,0,NONE,NONE
WRK-MH-001454,0,NONE,NONE
WRK-UP-001455,0,NONE,NONE
WRK-RJ-001456,0,NONE,NONE
WRK-AS-001457,0,NONE,NONE
WRK-RJ-001458,0,NONE,NONE
WRK-MH-001459,0,NONE,NONE
WRK-BR-001460,1,PUPPET_RING,NONE
WRK-AS-001461,0,NONE,NONE
WRK-BR-001462,0,NONE,CARTEL-BR-03
WRK-MH-001463,0,NONE,CARTEL-MH-06
WRK-MH-001464,0,NONE,CARTEL-MH-05
WRK-UP-001465,1,A5_SPEED_FRAUD,NONE
WRK-UP-001466,0,NONE,NONE
WRK-TN-001467,0,NONE,CARTEL-TN-09
WRK-MH-001468,0,NONE,NONE
WRK-BR-001469,0,NONE,CARTEL-BR-03
WRK-AS-001470,0,NONE,NONE
WRK-BR-001471,1,PUPPET_RING,NONE
WRK-BR-001472,0,NONE,NONE
WRK-RJ-001473,0,NONE,NONE
WRK-TN-001474,0,NONE,NONE
WRK-UP-001475,0,NONE,NONE
WRK-RJ-001476,0,NONE,NONE
WRK-TN-001477,0,NONE,NONE
WRK-BR-001478,0,NONE,NONE
WRK-TN-001479,1,PUPPET_RING,NONE
WRK-AS-001480,0,NONE,NONE
WRK-BR-001481,0,NONE,CARTEL-BR-04
WRK-TN-001482,0,NONE,NONE
WRK-BR-001483,0,NONE,NONE
WRK-MH-001484,1,A5_SPEED_FRAUD,NONE
WRK-MH-001485,0,NONE,NONE
WRK-MH-001486,0,NONE,NONE
WRK-TN-001487,0,NONE,NONE
WRK-TN-001488,0,NONE,NONE
WRK-TN-001489,0,NONE,NONE
WRK-BR-001490,0,NONE,NONE
WRK-BR-001491,0,NONE,NONE
WRK-TN-001492,0,NONE,NONE
WRK-UP-001493,0,NONE,NONE
WRK-TN-001494,0,NONE,CARTEL-TN-10
WRK-BR-001495,1,A4_VENDOR_CONCENTRATION,NONE
WRK-AS-001496,0,NONE,CARTEL-AS-02
WRK-MH-001497,0,NONE,NONE
WRK-RJ-001498,1,A4_VENDOR_CONCENTRATION,NONE
WRK-TN-001499,0,NONE,NONE
WRK-TN-001500,0,NONE,NONE
WRK-RJ-001501,0,NONE,NONE
WRK-BR-001502,0,NONE,NONE
WRK-MH-001503,0,NONE,NONE
WRK-TN-001504,0,NONE,NONE
WRK-AS-001505,0,NONE,NONE
WRK-UP-001506,0,NONE,NONE
WRK-BR-001507,0,NONE,NONE
WRK-UP-001508,1,A5_SPEED_FRAUD,NONE
WRK-AS-001509,0,NONE,NONE
WRK-RJ-001510,0,NONE,NONE
WRK-BR-001511,0,NONE,NONE
WRK-AS-001512,0,NONE,NONE
WRK-UP-001513,0,NONE,NONE
WRK-BR-001514,0,NONE,NONE
WRK-BR-001515,0,NONE,NONE
WRK-BR-001516,0,NONE,NONE
WRK-BR-001517,0,NONE,NONE
WRK-AS-001518,0,NONE,NONE
WRK-RJ-001519,0,NONE,NONE
WRK-TN-001520,0,NONE,NONE
WRK-UP-001521,0,NONE,CARTEL-UP-11
WRK-UP-001522,0,NONE,NONE
WRK-MH-001523,0,NONE,NONE
WRK-RJ-001524,0,NONE,NONE
WRK-TN-001525,1,A5_SPEED_FRAUD,NONE
WRK-AS-001526,0,NONE,NONE
WRK-AS-001527,0,NONE,CARTEL-AS-02
WRK-BR-001528,0,NONE,NONE
WRK-RJ-001529,0,NONE,CARTEL-RJ-07
WRK-AS-001530,0,NONE,NONE
WRK-AS-001531,0,NONE,NONE
WRK-RJ-001532,1,A5_SPEED_FRAUD,NONE
WRK-TN-001533,1,PUPPET_RING,CARTEL-TN-09
WRK-AS-001534,0,NONE,NONE
WRK-RJ-001535,1,A5_SPEED_FRAUD,NONE
WRK-BR-001536,0,NONE,NONE
WRK-MH-001537,0,NONE,NONE
WRK-AS-001538,0,NONE,NONE
WRK-AS-001539,0,NONE,CARTEL-AS-02
WRK-UP-001540,0,NONE,CARTEL-UP-11
WRK-BR-001541,0,NONE,NONE
WRK-MH-001542,0,NONE,CARTEL-MH-05
WRK-RJ-001543,0,NONE,CARTEL-RJ-07
WRK-AS-001544,0,NONE,NONE
WRK-AS-001545,0,NONE,NONE
WRK-UP-001546,0,NONE,CARTEL-UP-11
WRK-RJ-001547,0,NONE,NONE
WRK-UP-001548,0,NONE,NONE
WRK-UP-001549,0,NONE,NONE
WRK-BR-001550,0,NONE,NONE
WRK-RJ-001551,0,NONE,NONE
WRK-BR-001552,1,PUPPET_RING,NONE
WRK-MH-001553,0,NONE,NONE
WRK-AS-001554,0,NONE,NONE
WRK-BR-001555,0,NONE,NONE
WRK-AS-001556,0,NONE,NONE
WRK-BR-001557,1,PUPPET_RING,NONE
WRK-RJ-001558,0,NONE,NONE
WRK-RJ-001559,0,NONE,NONE
WRK-MH-001560,0,NONE,CARTEL-MH-05
WRK-RJ-001561,0,NONE,NONE
WRK-RJ-001562,0,NONE,NONE
WRK-BR-001563,0,NONE,NONE
WRK-AS-001564,0,NONE,NONE
WRK-TN-001565,1,A5_SPEED_FRAUD,NONE
WRK-AS-001566,0,NONE,NONE
WRK-TN-001567,0,NONE,NONE
WRK-MH-001568,0,NONE,CARTEL-MH-05
WRK-UP-001569,0,NONE,NONE
WRK-MH-001570,0,NONE,NONE
WRK-RJ-001571,0,NONE,NONE
WRK-AS-001572,0,NONE,NONE
WRK-UP-001573,0,NONE,NONE
WRK-MH-001574,0,NONE,NONE
WRK-AS-001575,0,NONE,NONE
WRK-AS-001576,0,NONE,NONE
WRK-MH-001577,0,NONE,CARTEL-MH-05
WRK-UP-001578,0,NONE,CARTEL-UP-11
WRK-RJ-001579,0,NONE,NONE
WRK-RJ-001580,0,NONE,NONE
WRK-AS-001581,0,NONE,CARTEL-AS-01
WRK-RJ-001582,0,NONE,NONE
WRK-AS-001583,0,NONE,NONE
WRK-RJ-001584,0,NONE,NONE
WRK-AS-001585,0,NONE,NONE
WRK-BR-001586,0,NONE,NONE
WRK-TN-001587,1,PUPPET_RING,CARTEL-TN-10
WRK-UP-001588,0,NONE,NONE
WRK-TN-001589,0,NONE,NONE
WRK-RJ-001590,0,NONE,CARTEL-RJ-07
WRK-RJ-001591,0,NONE,NONE
WRK-UP-001592,0,NONE,CARTEL-UP-11
WRK-MH-001593,0,NONE,NONE
WRK-UP-001594,0,NONE,NONE
WRK-TN-001595,0,NONE,NONE
WRK-RJ-001596,0,NONE,NONE
WRK-AS-001597,0,NONE,NONE
WRK-UP-001598,0,NONE,NONE
WRK-RJ-001599,0,NONE,NONE
WRK-UP-001600,0,NONE,NONE
WRK-MH-001601,0,NONE,NONE
WRK-RJ-001602,0,NONE,NONE
WRK-UP-001603,0,NONE,NONE
WRK-MH-001604,0,NONE,NONE
WRK-UP-001605,0,NONE,NONE
WRK-TN-001606,0,NONE,NONE
WRK-TN-001607,0,NONE,NONE
WRK-BR-001608,1,PUPPET_RING,NONE
WRK-UP-001609,1,A2_COST_INFLATION,NONE
WRK-TN-001610,1,PUPPET_RING,CARTEL-TN-09
WRK-MH-001611,0,NONE,NONE
WRK-MH-001612,0,NONE,NONE
WRK-BR-001613,1,PUPPET_RING,NONE
WRK-UP-001614,0,NONE,NONE
WRK-UP-001615,0,NONE,CARTEL-UP-11
WRK-BR-001616,0,NONE,NONE
WRK-RJ-001617,0,NONE,NONE
WRK-AS-001618,0,NONE,NONE
WRK-UP-001619,0,NONE,NONE
WRK-BR-001620,0,NONE,NONE
WRK-TN-001621,0,NONE,NONE
WRK-AS-001622,0,NONE,NONE
WRK-MH-001623,0,NONE,CARTEL-MH-05
WRK-TN-001624,0,NONE,NONE
WRK-MH-001625,0,NONE,CARTEL-MH-05
WRK-TN-001626,0,NONE,NONE
WRK-BR-001627,1,PUPPET_RING,NONE
WRK-TN-001628,0,NONE,NONE
WRK-MH-001629,0,NONE,NONE
WRK-TN-001630,0,NONE,NONE
WRK-AS-001631,0,NONE,NONE
WRK-AS-001632,0,NONE,NONE
WRK-UP-001633,0,NONE,NONE
WRK-AS-001634,0,NONE,NONE
WRK-RJ-001635,0,NONE,NONE
WRK-RJ-001636,0,NONE,NONE
WRK-MH-001637,1,PUPPET_RING,CARTEL-MH-06
WRK-RJ-001638,0,NONE,NONE
WRK-AS-001639,0,NONE,NONE
WRK-AS-001640,0,NONE,CARTEL-AS-01
WRK-UP-001641,0,NONE,NONE
WRK-MH-001642,0,NONE,NONE
WRK-MH-001643,0,NONE,CARTEL-MH-06
WRK-AS-001644,0,NONE,NONE
WRK-UP-001645,0,NONE,NONE
WRK-UP-001646,0,NONE,NONE
WRK-MH-001647,1,PUPPET_RING,NONE
WRK-UP-001648,0,NONE,NONE
WRK-UP-001649,0,NONE,NONE
WRK-UP-001650,0,NONE,NONE
WRK-UP-001651,0,NONE,NONE
WRK-UP-001652,0,NONE,NONE
WRK-MH-001653,0,NONE,NONE
WRK-AS-001654,0,NONE,NONE
WRK-UP-001655,0,NONE,NONE
WRK-RJ-001656,0,NONE,NONE
WRK-AS-001657,0,NONE,NONE
WRK-MH-001658,0,NONE,NONE
WRK-BR-001659,0,NONE,NONE
WRK-RJ-001660,0,NONE,NONE
WRK-TN-001661,0,NONE,NONE
WRK-AS-001662,0,NONE,NONE
WRK-RJ-001663,0,NONE,NONE
WRK-RJ-001664,0,NONE,CARTEL-RJ-08
WRK-UP-001665,0,NONE,NONE
WRK-MH-001666,0,NONE,NONE
WRK-AS-001667,0,NONE,NONE
WRK-UP-001668,0,NONE,NONE
WRK-RJ-001669,0,NONE,NONE
WRK-RJ-001670,0,NONE,NONE
WRK-RJ-001671,0,NONE,CARTEL-RJ-07
WRK-AS-001672,0,NONE,NONE
WRK-BR-001673,0,NONE,NONE
WRK-MH-001674,0,NONE,NONE
WRK-MH-001675,1,A1_DUPLICATE_WORK,NONE
WRK-UP-001676,0,NONE,NONE
WRK-BR-001677,0,NONE,NONE
WRK-MH-001678,0,NONE,NONE
WRK-TN-001679,0,NONE,NONE
WRK-UP-001680,0,NONE,NONE
WRK-MH-001681,0,NONE,NONE
WRK-UP-001682,0,NONE,NONE
WRK-UP-001683,0,NONE,NONE
WRK-AS-001684,0,NONE,NONE
WRK-UP-001685,0,NONE,CARTEL-UP-11
WRK-TN-001686,0,NONE,NONE
WRK-MH-001687,0,NONE,NONE
WRK-AS-001688,0,NONE,NONE
WRK-MH-001689,0,NONE,NONE
WRK-TN-001690,1,PUPPET_RING,CARTEL-TN-10
WRK-MH-001691,0,NONE,NONE
WRK-TN-001692,0,NONE,NONE
WRK-BR-001693,0,NONE,NONE
WRK-AS-001694,0,NONE,NONE
WRK-UP-001695,0,NONE,NONE
WRK-RJ-001696,0,NONE,NONE
WRK-MH-001697,0,NONE,NONE
WRK-RJ-001698,0,NONE,NONE
WRK-UP-001699,0,NONE,NONE
WRK-AS-001700,0,NONE,NONE
WRK-TN-001701,0,NONE,NONE
WRK-BR-001702,0,NONE,NONE
WRK-RJ-001703,0,NONE,NONE
WRK-TN-001704,1,PUPPET_RING,NONE
WRK-TN-001705,0,NONE,NONE
WRK-UP-001706,1,A2_COST_INFLATION,NONE
WRK-RJ-001707,0,NONE,CARTEL-RJ-07
WRK-UP-001708,0,NONE,NONE
WRK-RJ-001709,0,NONE,NONE
WRK-UP-001710,0,NONE,NONE
WRK-UP-001711,0,NONE,NONE
WRK-TN-001712,1,A3_OVER_RELEASE,NONE
WRK-MH-001713,0,NONE,NONE
WRK-MH-001714,0,NONE,NONE
WRK-UP-001715,0,NONE,NONE
WRK-AS-001716,0,NONE,CARTEL-AS-01
WRK-UP-001717,0,NONE,NONE
WRK-BR-001718,1,PUPPET_RING,NONE
WRK-MH-001719,0,NONE,NONE
WRK-UP-001720,0,NONE,NONE
WRK-UP-001721,0,NONE,NONE
WRK-TN-001722,0,NONE,NONE
WRK-MH-001723,0,NONE,NONE
WRK-AS-001724,0,NONE,NONE
WRK-TN-001725,0,NONE,NONE
WRK-RJ-001726,0,NONE,CARTEL-RJ-08
WRK-BR-001727,0,NONE,NONE
WRK-TN-001728,0,NONE,NONE
WRK-TN-001729,0,NONE,NONE
WRK-TN-001730,0,NONE,NONE
WRK-MH-001731,1,A5_SPEED_FRAUD,NONE
WRK-RJ-001732,0,NONE,CARTEL-RJ-07
WRK-RJ-001733,0,NONE,NONE
WRK-AS-001734,0,NONE,NONE
WRK-MH-001735,0,NONE,NONE
WRK-BR-001736,1,PUPPET_RING,NONE
WRK-UP-001737,0,NONE,NONE
WRK-BR-001738,0,NONE,NONE
WRK-BR-001739,0,NONE,NONE
WRK-TN-001740,0,NONE,NONE
WRK-MH-001741,0,NONE,NONE
WRK-TN-001742,0,NONE,NONE
WRK-UP-001743,0,NONE,NONE
WRK-TN-001744,1,A3_OVER_RELEASE,NONE
WRK-RJ-001745,0,NONE,NONE
WRK-RJ-001746,0,NONE,NONE
WRK-AS-001747,0,NONE,NONE
WRK-UP-001748,0,NONE,NONE
WRK-UP-001749,0,NONE,NONE
WRK-UP-001750,0,NONE,NONE
WRK-UP-001751,0,NONE,NONE
WRK-TN-001752,0,NONE,CARTEL-TN-09
WRK-TN-001753,0,NONE,NONE
WRK-AS-001754,0,NONE,CARTEL-AS-01
WRK-MH-001755,1,A1_DUPLICATE_WORK,NONE
WRK-AS-001756,0,NONE,NONE
WRK-MH-001757,0,NONE,NONE
WRK-AS-001758,0,NONE,NONE
WRK-RJ-001759,0,NONE,NONE
WRK-BR-001760,0,NONE,NONE
WRK-BR-001761,0,NONE,NONE
WRK-UP-001762,0,NONE,NONE
WRK-UP-001763,0,NONE,NONE
WRK-TN-001764,1,PUPPET_RING,NONE
WRK-TN-001765,0,NONE,NONE
WRK-MH-001766,0,NONE,NONE
WRK-TN-001767,0,NONE,NONE
WRK-UP-001768,0,NONE,CARTEL-UP-11
WRK-BR-001769,0,NONE,NONE
WRK-UP-001770,0,NONE,NONE
WRK-TN-001771,0,NONE,NONE
WRK-TN-001772,0,NONE,NONE
WRK-TN-001773,0,NONE,NONE
WRK-RJ-001774,0,NONE,NONE
WRK-BR-001775,0,NONE,NONE
WRK-UP-001776,0,NONE,NONE
WRK-RJ-001777,0,NONE,NONE
WRK-MH-001778,0,NONE,NONE
WRK-RJ-001779,0,NONE,NONE
WRK-UP-001780,0,NONE,NONE
WRK-AS-001781,0,NONE,NONE
WRK-BR-001782,0,NONE,NONE
WRK-BR-001783,1,A4_VENDOR_CONCENTRATION,NONE
WRK-MH-001784,0,NONE,NONE
WRK-UP-001785,0,NONE,NONE
WRK-RJ-001786,0,NONE,NONE
WRK-UP-001787,0,NONE,NONE
WRK-RJ-001788,0,NONE,CARTEL-RJ-07
WRK-AS-001789,0,NONE,NONE
WRK-BR-001790,0,NONE,CARTEL-BR-04
WRK-AS-001791,0,NONE,NONE
WRK-RJ-001792,0,NONE,CARTEL-RJ-08
WRK-UP-001793,0,NONE,NONE
WRK-MH-001794,0,NONE,NONE
WRK-TN-001795,0,NONE,CARTEL-TN-10
WRK-RJ-001796,0,NONE,CARTEL-RJ-07
WRK-MH-001797,0,NONE,NONE
WRK-UP-001798,0,NONE,NONE
WRK-MH-001799,0,NONE,NONE
WRK-BR-001800,0,NONE,NONE
WRK-UP-001801,0,NONE,NONE
WRK-MH-001802,0,NONE,CARTEL-MH-05
WRK-TN-001803,1,A3_OVER_RELEASE,NONE
WRK-UP-001804,0,NONE,NONE
WRK-MH-001805,1,PUPPET_RING,CARTEL-MH-06
WRK-AS-001806,0,NONE,NONE
WRK-RJ-001807,0,NONE,NONE
WRK-UP-001808,0,NONE,NONE
WRK-TN-001809,0,NONE,NONE
WRK-AS-001810,0,NONE,NONE
WRK-MH-001811,0,NONE,NONE
WRK-AS-001812,0,NONE,NONE
WRK-AS-001813,0,NONE,NONE
WRK-BR-001814,0,NONE,NONE
WRK-TN-001815,0,NONE,NONE
WRK-RJ-001816,0,NONE,NONE
WRK-RJ-001817,0,NONE,NONE
WRK-MH-001818,0,NONE,NONE
WRK-TN-001819,0,NONE,NONE
WRK-MH-001820,0,NONE,NONE
WRK-MH-001821,0,NONE,NONE
WRK-AS-001822,0,NONE,NONE
WRK-RJ-001823,0,NONE,NONE
WRK-RJ-001824,0,NONE,NONE
WRK-UP-001825,0,NONE,NONE
WRK-TN-001826,0,NONE,NONE
WRK-MH-001827,0,NONE,NONE
WRK-AS-001828,0,NONE,NONE
WRK-AS-001829,0,NONE,NONE
WRK-TN-001830,0,NONE,NONE
WRK-BR-001831,1,A4_VENDOR_CONCENTRATION,NONE
WRK-TN-001832,0,NONE,NONE
WRK-TN-001833,0,NONE,NONE
WRK-TN-001834,0,NONE,NONE
WRK-UP-001835,0,NONE,NONE
WRK-AS-001836,0,NONE,NONE
WRK-UP-001837,0,NONE,CARTEL-UP-11
WRK-UP-001838,0,NONE,NONE
WRK-RJ-001839,0,NONE,CARTEL-RJ-08
WRK-RJ-001840,0,NONE,CARTEL-RJ-07
WRK-UP-001841,0,NONE,NONE
WRK-AS-001842,0,NONE,NONE
WRK-BR-001843,0,NONE,NONE
WRK-AS-001844,0,NONE,NONE
WRK-MH-001845,0,NONE,NONE
WRK-AS-001846,0,NONE,CARTEL-AS-02
WRK-TN-001847,0,NONE,NONE
WRK-BR-001848,0,NONE,CARTEL-BR-03
WRK-BR-001849,0,NONE,NONE
WRK-BR-001850,0,NONE,NONE
WRK-AS-001851,0,NONE,CARTEL-AS-02
WRK-AS-001852,0,NONE,NONE
WRK-UP-001853,0,NONE,NONE
WRK-MH-001854,0,NONE,NONE
WRK-BR-001855,0,NONE,NONE
WRK-RJ-001856,0,NONE,NONE
WRK-AS-001857,0,NONE,NONE
WRK-TN-001858,0,NONE,NONE
WRK-AS-001859,0,NONE,NONE
WRK-MH-001860,0,NONE,NONE
WRK-MH-001861,0,NONE,NONE
WRK-UP-001862,0,NONE,NONE
WRK-MH-001863,0,NONE,NONE
WRK-AS-001864,0,NONE,CARTEL-AS-01
WRK-AS-001865,0,NONE,NONE
WRK-RJ-001866,0,NONE,NONE
WRK-MH-001867,0,NONE,NONE
WRK-UP-001868,0,NONE,NONE
WRK-UP-001869,0,NONE,NONE
WRK-AS-001870,0,NONE,CARTEL-AS-02
WRK-MH-001871,0,NONE,NONE
WRK-AS-001872,0,NONE,NONE
WRK-BR-001873,1,PUPPET_RING,NONE
WRK-BR-001874,1,PUPPET_RING,NONE
WRK-BR-001875,0,NONE,CARTEL-BR-03
WRK-TN-001876,0,NONE,NONE
WRK-BR-001877,1,A1_DUPLICATE_WORK,NONE
WRK-TN-001878,0,NONE,NONE
WRK-UP-001879,0,NONE,NONE
WRK-UP-001880,0,NONE,NONE
WRK-RJ-001881,0,NONE,NONE
WRK-TN-001882,0,NONE,NONE
WRK-UP-001883,0,NONE,NONE
WRK-MH-001884,0,NONE,NONE
WRK-RJ-001885,0,NONE,NONE
WRK-AS-001886,0,NONE,NONE
WRK-TN-001887,0,NONE,NONE
WRK-BR-001888,0,NONE,NONE
WRK-MH-001889,0,NONE,NONE
WRK-AS-001890,0,NONE,NONE
WRK-RJ-001891,0,NONE,NONE
WRK-RJ-001892,0,NONE,NONE
WRK-BR-001893,0,NONE,NONE
WRK-BR-001894,0,NONE,NONE
WRK-UP-001895,0,NONE,CARTEL-UP-11
WRK-RJ-001896,0,NONE,NONE
WRK-AS-001897,0,NONE,NONE
WRK-BR-001898,0,NONE,NONE
WRK-BR-001899,1,PUPPET_RING,NONE
WRK-TN-001900,0,NONE,NONE
WRK-TN-001901,0,NONE,NONE
WRK-TN-001902,1,PUPPET_RING,CARTEL-TN-09
WRK-AS-001903,0,NONE,NONE
WRK-MH-001904,0,NONE,NONE
WRK-AS-001905,0,NONE,NONE
WRK-UP-001906,0,NONE,NONE
WRK-TN-001907,0,NONE,NONE
WRK-RJ-001908,0,NONE,NONE
WRK-TN-001909,0,NONE,NONE
WRK-AS-001910,0,NONE,NONE
WRK-MH-001911,0,NONE,NONE
WRK-RJ-001912,0,NONE,NONE
WRK-AS-001913,0,NONE,NONE
WRK-AS-001914,0,NONE,NONE
WRK-AS-001915,0,NONE,NONE
WRK-AS-001916,0,NONE,NONE
WRK-BR-001917,1,PUPPET_RING,NONE
WRK-AS-001918,0,NONE,NONE
WRK-RJ-001919,0,NONE,NONE
WRK-TN-001920,0,NONE,NONE
WRK-MH-001921,1,PUPPET_RING,NONE
WRK-UP-001922,0,NONE,NONE
WRK-MH-001923,0,NONE,NONE
WRK-MH-001924,0,NONE,NONE
WRK-RJ-001925,0,NONE,CARTEL-RJ-07
WRK-AS-001926,0,NONE,NONE
WRK-TN-001927,0,NONE,NONE
WRK-TN-001928,0,NONE,CARTEL-TN-10
WRK-UP-001929,0,NONE,NONE
WRK-MH-001930,0,NONE,NONE
WRK-RJ-001931,0,NONE,NONE
WRK-AS-001932,1,A3_OVER_RELEASE,NONE
WRK-TN-001933,0,NONE,NONE
WRK-TN-001934,0,NONE,NONE
WRK-TN-001935,0,NONE,NONE
WRK-TN-001936,0,NONE,CARTEL-TN-09
WRK-BR-001937,1,PUPPET_RING,NONE
WRK-TN-001938,0,NONE,NONE
WRK-BR-001939,1,PUPPET_RING,NONE
WRK-AS-001940,0,NONE,NONE
WRK-UP-001941,0,NONE,NONE
WRK-BR-001942,0,NONE,NONE
WRK-RJ-001943,0,NONE,NONE
WRK-BR-001944,0,NONE,NONE
WRK-MH-001945,0,NONE,CARTEL-MH-06
WRK-AS-001946,0,NONE,NONE
WRK-TN-001947,0,NONE,NONE
WRK-RJ-001948,0,NONE,NONE
WRK-AS-001949,0,NONE,NONE
WRK-BR-001950,0,NONE,NONE
WRK-TN-001951,0,NONE,NONE
WRK-AS-001952,0,NONE,NONE
WRK-TN-001953,0,NONE,NONE
WRK-AS-001954,0,NONE,NONE
WRK-BR-001955,0,NONE,CARTEL-BR-03
WRK-TN-001956,0,NONE,NONE
WRK-AS-001957,0,NONE,NONE
WRK-AS-001958,1,A2_COST_INFLATION,NONE
WRK-UP-001959,0,NONE,NONE
WRK-UP-001960,0,NONE,NONE
WRK-BR-001961,0,NONE,NONE
WRK-UP-001962,0,NONE,NONE
WRK-RJ-001963,0,NONE,NONE
WRK-MH-001964,0,NONE,NONE
WRK-MH-001965,0,NONE,NONE
WRK-RJ-001966,0,NONE,CARTEL-RJ-07
WRK-UP-001967,0,NONE,NONE
WRK-UP-001968,0,NONE,NONE
WRK-AS-001969,0,NONE,NONE
WRK-TN-001970,0,NONE,NONE
WRK-RJ-001971,0,NONE,NONE
WRK-AS-001972,0,NONE,NONE
WRK-RJ-001973,1,A4_VENDOR_CONCENTRATION,NONE
WRK-RJ-001974,0,NONE,NONE
WRK-UP-001975,0,NONE,NONE
WRK-UP-001976,0,NONE,NONE
WRK-MH-001977,0,NONE,NONE
WRK-AS-001978,0,NONE,NONE
WRK-AS-001979,0,NONE,NONE
WRK-BR-001980,0,NONE,NONE
WRK-UP-001981,0,NONE,NONE
WRK-AS-001982,0,NONE,NONE
WRK-MH-001983,1,A5_SPEED_FRAUD,NONE
WRK-BR-001984,1,PUPPET_RING,NONE
WRK-AS-001985,0,NONE,CARTEL-AS-01
WRK-AS-001986,0,NONE,NONE
WRK-RJ-001987,0,NONE,NONE
WRK-BR-001988,0,NONE,CARTEL-BR-03
WRK-MH-001989,0,NONE,CARTEL-MH-05
WRK-AS-001990,0,NONE,NONE
WRK-MH-001991,0,NONE,NONE
WRK-BR-001992,0,NONE,NONE
WRK-TN-001993,0,NONE,NONE
WRK-UP-001994,0,NONE,NONE
WRK-AS-001995,0,NONE,CARTEL-AS-02
WRK-TN-001996,0,NONE,NONE
WRK-RJ-001997,0,NONE,NONE
WRK-BR-001998,0,NONE,NONE
WRK-AS-001999,0,NONE,NONE
WRK-TN-002000,1,PUPPET_RING,CARTEL-TN-09
WRK-MH-002001,0,NONE,NONE
WRK-MH-002002,0,NONE,NONE
WRK-TN-002003,0,NONE,NONE
WRK-MH-002004,0,NONE,NONE
WRK-BR-002005,0,NONE,NONE
WRK-UP-002006,0,NONE,NONE
WRK-BR-002007,0,NONE,NONE
WRK-AS-002008,0,NONE,NONE
WRK-MH-002009,0,NONE,NONE
WRK-MH-002010,0,NONE,NONE
WRK-TN-002011,0,NONE,NONE
WRK-UP-002012,0,NONE,NONE
WRK-RJ-002013,0,NONE,CARTEL-RJ-07
WRK-TN-002014,0,NONE,NONE
WRK-MH-002015,0,NONE,NONE
WRK-TN-002016,0,NONE,NONE
WRK-MH-002017,0,NONE,NONE
WRK-MH-002018,0,NONE,NONE
WRK-AS-002019,0,NONE,NONE
WRK-UP-002020,0,NONE,NONE
WRK-RJ-002021,0,NONE,NONE
WRK-TN-002022,1,PUPPET_RING,NONE
WRK-UP-002023,0,NONE,NONE
WRK-BR-002024,0,NONE,CARTEL-BR-04
WRK-TN-002025,0,NONE,CARTEL-TN-10
WRK-UP-002026,0,NONE,NONE
WRK-BR-002027,0,NONE,NONE
WRK-RJ-002028,0,NONE,NONE
WRK-UP-002029,0,NONE,NONE
WRK-AS-002030,0,NONE,NONE
WRK-AS-002031,0,NONE,NONE
WRK-AS-002032,0,NONE,NONE
WRK-BR-002033,1,A4_VENDOR_CONCENTRATION,NONE
WRK-BR-002034,0,NONE,NONE
WRK-TN-002035,1,PUPPET_RING,CARTEL-TN-10
WRK-AS-002036,0,NONE,NONE
WRK-MH-002037,0,NONE,CARTEL-MH-05
WRK-MH-002038,0,NONE,NONE
WRK-TN-002039,0,NONE,NONE
WRK-AS-002040,0,NONE,CARTEL-AS-02
WRK-BR-002041,0,NONE,NONE
WRK-UP-002042,0,NONE,NONE
WRK-BR-002043,0,NONE,NONE
WRK-RJ-002044,0,NONE,NONE
WRK-AS-002045,0,NONE,NONE
WRK-AS-002046,0,NONE,NONE
WRK-MH-002047,0,NONE,NONE
WRK-AS-002048,0,NONE,NONE
WRK-AS-002049,0,NONE,NONE
WRK-UP-002050,0,NONE,NONE
WRK-AS-002051,0,NONE,NONE
WRK-RJ-002052,0,NONE,NONE
WRK-MH-002053,0,NONE,CARTEL-MH-06
WRK-UP-002054,0,NONE,NONE
WRK-RJ-002055,0,NONE,CARTEL-RJ-08
WRK-TN-002056,0,NONE,NONE
WRK-UP-002057,0,NONE,CARTEL-UP-11
WRK-TN-002058,0,NONE,NONE
WRK-AS-002059,0,NONE,NONE
WRK-BR-002060,0,NONE,CARTEL-BR-03
WRK-BR-002061,0,NONE,NONE
WRK-UP-002062,1,A5_SPEED_FRAUD,CARTEL-UP-11
WRK-RJ-002063,0,NONE,NONE
WRK-RJ-002064,0,NONE,NONE
WRK-RJ-002065,0,NONE,NONE
WRK-TN-002066,0,NONE,CARTEL-TN-10
WRK-MH-002067,0,NONE,NONE
WRK-RJ-002068,0,NONE,CARTEL-RJ-07
WRK-RJ-002069,0,NONE,NONE
WRK-TN-002070,1,A1_DUPLICATE_WORK,NONE
WRK-AS-002071,0,NONE,NONE
WRK-UP-002072,0,NONE,NONE
WRK-UP-002073,0,NONE,CARTEL-UP-11
WRK-BR-002074,0,NONE,NONE
WRK-RJ-002075,0,NONE,NONE
WRK-RJ-002076,0,NONE,NONE
WRK-BR-002077,0,NONE,CARTEL-BR-04
WRK-BR-002078,0,NONE,NONE
WRK-AS-002079,0,NONE,NONE
WRK-MH-002080,0,NONE,NONE
WRK-BR-002081,0,NONE,NONE
WRK-RJ-002082,0,NONE,NONE
WRK-AS-002083,0,NONE,NONE
WRK-AS-002084,0,NONE,CARTEL-AS-02
WRK-AS-002085,0,NONE,NONE
WRK-MH-002086,0,NONE,NONE
WRK-AS-002087,0,NONE,NONE
WRK-MH-002088,0,NONE,CARTEL-MH-05
WRK-RJ-002089,0,NONE,NONE
WRK-BR-002090,0,NONE,NONE
WRK-MH-002091,0,NONE,NONE
WRK-UP-002092,0,NONE,NONE
WRK-AS-002093,0,NONE,NONE
WRK-RJ-002094,0,NONE,NONE
WRK-MH-002095,1,PUPPET_RING,NONE
WRK-MH-002096,0,NONE,NONE
WRK-RJ-002097,0,NONE,NONE
WRK-AS-002098,0,NONE,NONE
WRK-AS-002099,0,NONE,NONE
WRK-TN-002100,0,NONE,NONE
WRK-UP-002101,0,NONE,CARTEL-UP-11
WRK-RJ-002102,0,NONE,NONE
WRK-RJ-002103,0,NONE,NONE
WRK-BR-002104,0,NONE,NONE
WRK-MH-002105,0,NONE,NONE
WRK-BR-002106,0,NONE,NONE
WRK-UP-002107,0,NONE,NONE
WRK-RJ-002108,0,NONE,NONE
WRK-UP-002109,0,NONE,NONE
WRK-UP-002110,0,NONE,NONE
WRK-RJ-002111,0,NONE,NONE
WRK-AS-002112,0,NONE,NONE
WRK-MH-002113,0,NONE,NONE
WRK-UP-002114,0,NONE,NONE
WRK-BR-002115,0,NONE,NONE
WRK-RJ-002116,0,NONE,NONE
WRK-BR-002117,1,PUPPET_RING,NONE
WRK-UP-002118,0,NONE,NONE
WRK-TN-002119,0,NONE,NONE
WRK-RJ-002120,0,NONE,NONE
WRK-UP-002121,0,NONE,NONE
WRK-BR-002122,1,PUPPET_RING,NONE
WRK-UP-002123,0,NONE,CARTEL-UP-11
WRK-RJ-002124,0,NONE,NONE
WRK-UP-002125,0,NONE,NONE
WRK-BR-002126,0,NONE,NONE
WRK-RJ-002127,0,NONE,NONE
WRK-AS-002128,0,NONE,NONE
WRK-UP-002129,0,NONE,NONE
WRK-TN-002130,0,NONE,CARTEL-TN-09
WRK-MH-002131,0,NONE,NONE
WRK-UP-002132,0,NONE,NONE
WRK-BR-002133,0,NONE,NONE
WRK-TN-002134,0,NONE,NONE
WRK-MH-002135,0,NONE,NONE
WRK-UP-002136,0,NONE,NONE
WRK-AS-002137,0,NONE,NONE
WRK-BR-002138,0,NONE,NONE
WRK-TN-002139,1,PUPPET_RING,NONE
WRK-RJ-002140,0,NONE,NONE
WRK-TN-002141,0,NONE,NONE
WRK-TN-002142,1,A3_OVER_RELEASE,NONE
WRK-MH-002143,1,A2_COST_INFLATION,NONE
WRK-UP-002144,0,NONE,NONE
WRK-AS-002145,0,NONE,CARTEL-AS-02
WRK-AS-002146,0,NONE,NONE
WRK-TN-002147,0,NONE,NONE
WRK-BR-002148,0,NONE,NONE
WRK-MH-002149,0,NONE,NONE
WRK-TN-002150,0,NONE,NONE
WRK-RJ-002151,0,NONE,NONE
WRK-RJ-002152,0,NONE,CARTEL-RJ-08
WRK-BR-002153,0,NONE,NONE
WRK-BR-002154,0,NONE,NONE
WRK-BR-002155,0,NONE,NONE
WRK-RJ-002156,0,NONE,NONE
WRK-RJ-002157,0,NONE,NONE
WRK-TN-002158,0,NONE,NONE
WRK-RJ-002159,0,NONE,CARTEL-RJ-07
WRK-UP-002160,0,NONE,NONE
WRK-AS-002161,0,NONE,CARTEL-AS-02
WRK-TN-002162,0,NONE,NONE
WRK-AS-002163,0,NONE,NONE
WRK-MH-002164,0,NONE,CARTEL-MH-06
WRK-TN-002165,0,NONE,NONE
WRK-BR-002166,1,A4_VENDOR_CONCENTRATION,NONE
WRK-TN-002167,0,NONE,NONE
WRK-UP-002168,0,NONE,CARTEL-UP-11
WRK-BR-002169,1,PUPPET_RING,NONE
WRK-MH-002170,0,NONE,NONE
WRK-TN-002171,0,NONE,NONE
WRK-BR-002172,0,NONE,NONE
WRK-TN-002173,0,NONE,NONE
WRK-TN-002174,0,NONE,NONE
WRK-UP-002175,0,NONE,NONE
WRK-AS-002176,0,NONE,NONE
WRK-MH-002177,0,NONE,NONE
WRK-TN-002178,0,NONE,NONE
WRK-MH-002179,0,NONE,CARTEL-MH-06
WRK-UP-002180,0,NONE,NONE
WRK-BR-002181,0,NONE,NONE
WRK-AS-002182,0,NONE,NONE
WRK-UP-002183,0,NONE,NONE
WRK-RJ-002184,0,NONE,NONE
WRK-RJ-002185,0,NONE,NONE
WRK-MH-002186,0,NONE,CARTEL-MH-06
WRK-UP-002187,0,NONE,NONE
WRK-BR-002188,0,NONE,NONE
WRK-TN-002189,0,NONE,NONE
WRK-AS-002190,0,NONE,NONE
WRK-BR-002191,1,PUPPET_RING,NONE
WRK-MH-002192,0,NONE,NONE
WRK-RJ-002193,0,NONE,NONE
WRK-UP-002194,0,NONE,CARTEL-UP-11
WRK-BR-002195,1,PUPPET_RING,NONE
WRK-AS-002196,0,NONE,CARTEL-AS-02
WRK-MH-002197,0,NONE,NONE
WRK-BR-002198,0,NONE,NONE
WRK-TN-002199,0,NONE,NONE
WRK-AS-002200,0,NONE,NONE
WRK-MH-002201,0,NONE,NONE
WRK-BR-002202,1,PUPPET_RING,NONE
WRK-AS-002203,0,NONE,NONE
WRK-TN-002204,0,NONE,NONE
WRK-BR-002205,0,NONE,NONE
WRK-AS-002206,0,NONE,NONE
WRK-BR-002207,1,PUPPET_RING,NONE
WRK-MH-002208,0,NONE,NONE
WRK-UP-002209,0,NONE,NONE
WRK-TN-002210,0,NONE,NONE
WRK-AS-002211,1,A1_DUPLICATE_WORK,NONE
WRK-MH-002212,0,NONE,NONE
WRK-BR-002213,0,NONE,NONE
WRK-TN-002214,0,NONE,NONE
WRK-RJ-002215,0,NONE,NONE
WRK-RJ-002216,0,NONE,NONE
WRK-AS-002217,1,A2_COST_INFLATION,NONE
WRK-TN-002218,0,NONE,NONE
WRK-TN-002219,0,NONE,NONE
WRK-BR-002220,1,PUPPET_RING,NONE
WRK-AS-002221,0,NONE,CARTEL-AS-02
WRK-AS-002222,0,NONE,NONE
WRK-UP-002223,0,NONE,NONE
WRK-BR-002224,0,NONE,NONE
WRK-TN-002225,0,NONE,NONE
WRK-RJ-002226,0,NONE,NONE
WRK-AS-002227,0,NONE,NONE
WRK-AS-002228,0,NONE,CARTEL-AS-02
WRK-TN-002229,0,NONE,NONE
WRK-TN-002230,0,NONE,NONE
WRK-TN-002231,0,NONE,NONE
WRK-RJ-002232,1,A4_VENDOR_CONCENTRATION,NONE
WRK-BR-002233,0,NONE,NONE
WRK-BR-002234,0,NONE,NONE
WRK-UP-002235,0,NONE,NONE
WRK-UP-002236,0,NONE,CARTEL-UP-11
WRK-RJ-002237,0,NONE,NONE
WRK-AS-002238,1,A1_DUPLICATE_WORK,NONE
WRK-TN-002239,0,NONE,NONE
WRK-RJ-002240,0,NONE,NONE
WRK-UP-002241,0,NONE,NONE
WRK-BR-002242,0,NONE,NONE
WRK-MH-002243,0,NONE,NONE
WRK-RJ-002244,0,NONE,NONE
WRK-RJ-002245,0,NONE,NONE
WRK-UP-002246,0,NONE,NONE
WRK-BR-002247,1,A4_VENDOR_CONCENTRATION,NONE
WRK-UP-002248,0,NONE,NONE
WRK-AS-002249,0,NONE,NONE
WRK-UP-002250,0,NONE,NONE
WRK-RJ-002251,0,NONE,NONE
WRK-RJ-002252,0,NONE,NONE
WRK-AS-002253,0,NONE,CARTEL-AS-02
WRK-BR-002254,0,NONE,NONE
WRK-RJ-002255,0,NONE,NONE
WRK-RJ-002256,0,NONE,NONE
WRK-BR-002257,0,NONE,NONE
WRK-UP-002258,0,NONE,NONE
WRK-TN-002259,0,NONE,NONE
WRK-RJ-002260,0,NONE,NONE
WRK-RJ-002261,1,A4_VENDOR_CONCENTRATION,NONE
WRK-BR-002262,0,NONE,CARTEL-BR-03
WRK-BR-002263,1,PUPPET_RING,NONE
WRK-BR-002264,1,A4_VENDOR_CONCENTRATION,NONE
WRK-AS-002265,0,NONE,NONE
WRK-AS-002266,0,NONE,NONE
WRK-RJ-002267,0,NONE,NONE
WRK-MH-002268,1,A1_DUPLICATE_WORK,CARTEL-RJ-07
WRK-RJ-002269,0,NONE,NONE
WRK-AS-002270,0,NONE,NONE
WRK-MH-002271,0,NONE,NONE
WRK-MH-002272,0,NONE,NONE
WRK-MH-002273,0,NONE,NONE
WRK-AS-002274,0,NONE,NONE
WRK-BR-002275,0,NONE,CARTEL-BR-04
WRK-UP-002276,0,NONE,CARTEL-UP-11
WRK-AS-002277,0,NONE,NONE
WRK-BR-002278,1,PUPPET_RING,NONE
WRK-TN-002279,0,NONE,CARTEL-TN-09
WRK-BR-002280,0,NONE,NONE
WRK-BR-002281,0,NONE,NONE
WRK-AS-002282,0,NONE,NONE
WRK-RJ-002283,0,NONE,NONE
WRK-TN-002284,0,NONE,NONE
WRK-UP-002285,0,NONE,NONE
WRK-UP-002286,1,A1_DUPLICATE_WORK,NONE
WRK-UP-002287,0,NONE,NONE
WRK-MH-002288,0,NONE,NONE
WRK-BR-002289,0,NONE,NONE
WRK-TN-002290,0,NONE,NONE
WRK-RJ-002291,0,NONE,NONE
WRK-AS-002292,0,NONE,NONE
WRK-RJ-002293,0,NONE,NONE
WRK-MH-002294,0,NONE,NONE
WRK-TN-002295,0,NONE,NONE
WRK-AS-002296,0,NONE,NONE
WRK-UP-002297,0,NONE,NONE
WRK-AS-002298,1,A3_OVER_RELEASE,NONE
WRK-RJ-002299,0,NONE,NONE
WRK-UP-002300,0,NONE,NONE
WRK-AS-002301,0,NONE,NONE
WRK-TN-002302,0,NONE,NONE
WRK-BR-002303,1,PUPPET_RING,NONE
WRK-UP-002304,0,NONE,NONE
WRK-RJ-002305,0,NONE,NONE
WRK-UP-002306,0,NONE,NONE
WRK-MH-002307,0,NONE,NONE
WRK-RJ-002308,0,NONE,CARTEL-RJ-08
WRK-AS-002309,0,NONE,NONE
WRK-BR-002310,0,NONE,NONE
WRK-MH-002311,0,NONE,NONE
WRK-MH-002312,0,NONE,NONE
WRK-TN-002313,0,NONE,NONE
WRK-MH-002314,1,A3_OVER_RELEASE,NONE
WRK-TN-002315,0,NONE,NONE
WRK-AS-002316,0,NONE,NONE
WRK-TN-002317,0,NONE,NONE
WRK-AS-002318,0,NONE,NONE
WRK-UP-002319,0,NONE,NONE
WRK-TN-002320,0,NONE,NONE
WRK-UP-002321,0,NONE,NONE
WRK-MH-002322,0,NONE,NONE
WRK-MH-002323,0,NONE,NONE
WRK-UP-002324,0,NONE,NONE
WRK-TN-002325,0,NONE,NONE
WRK-AS-002326,0,NONE,NONE
WRK-MH-002327,0,NONE,NONE
WRK-TN-002328,0,NONE,NONE
WRK-AS-002329,0,NONE,NONE
WRK-RJ-002330,0,NONE,NONE
WRK-TN-002331,0,NONE,NONE
WRK-UP-002332,0,NONE,NONE
WRK-TN-002333,0,NONE,NONE
WRK-UP-002334,0,NONE,NONE
WRK-UP-002335,0,NONE,NONE
WRK-MH-002336,0,NONE,NONE
WRK-UP-002337,0,NONE,NONE
WRK-AS-002338,0,NONE,NONE
WRK-UP-002339,0,NONE,CARTEL-UP-11
WRK-TN-002340,0,NONE,NONE
WRK-BR-002341,0,NONE,NONE
WRK-RJ-002342,0,NONE,CARTEL-RJ-07
WRK-TN-002343,0,NONE,NONE
WRK-AS-002344,0,NONE,CARTEL-AS-01
WRK-RJ-002345,0,NONE,NONE
WRK-RJ-002346,0,NONE,NONE
WRK-TN-002347,0,NONE,NONE
WRK-TN-002348,0,NONE,NONE
WRK-UP-002349,0,NONE,NONE
WRK-MH-002350,0,NONE,NONE
WRK-RJ-002351,0,NONE,NONE
WRK-AS-002352,0,NONE,NONE
WRK-MH-002353,0,NONE,NONE
WRK-RJ-002354,0,NONE,NONE
WRK-UP-002355,0,NONE,NONE
WRK-MH-002356,0,NONE,NONE
WRK-AS-002357,0,NONE,NONE
WRK-UP-002358,0,NONE,NONE
WRK-AS-002359,0,NONE,NONE
WRK-UP-002360,0,NONE,NONE
WRK-BR-002361,0,NONE,NONE
WRK-UP-002362,0,NONE,NONE
WRK-BR-002363,1,A3_OVER_RELEASE,NONE
WRK-UP-002364,0,NONE,NONE
WRK-BR-002365,1,PUPPET_RING,NONE
WRK-MH-002366,0,NONE,NONE
WRK-MH-002367,0,NONE,NONE
WRK-BR-002368,0,NONE,NONE
WRK-UP-002369,0,NONE,NONE
WRK-RJ-002370,0,NONE,NONE
WRK-UP-002371,0,NONE,NONE
WRK-RJ-002372,0,NONE,CARTEL-RJ-07
WRK-TN-002373,0,NONE,NONE
WRK-AS-002374,0,NONE,NONE
WRK-RJ-002375,0,NONE,NONE
WRK-RJ-002376,0,NONE,NONE
WRK-AS-002377,0,NONE,NONE
WRK-MH-002378,0,NONE,NONE
WRK-MH-002379,0,NONE,NONE
WRK-AS-002380,0,NONE,NONE
WRK-AS-002381,0,NONE,NONE
WRK-RJ-002382,0,NONE,NONE
WRK-RJ-002383,0,NONE,NONE
WRK-TN-002384,0,NONE,NONE
WRK-MH-002385,0,NONE,CARTEL-MH-05
WRK-RJ-002386,0,NONE,CARTEL-RJ-07
WRK-RJ-002387,0,NONE,NONE
WRK-TN-002388,0,NONE,NONE
WRK-UP-002389,0,NONE,NONE
WRK-TN-002390,1,PUPPET_RING,CARTEL-TN-10
WRK-MH-002391,1,PUPPET_RING,NONE
WRK-RJ-002392,0,NONE,NONE
WRK-RJ-002393,0,NONE,NONE
WRK-UP-002394,0,NONE,NONE
WRK-MH-002395,0,NONE,NONE
WRK-MH-002396,0,NONE,NONE
WRK-TN-002397,0,NONE,NONE
WRK-AS-002398,0,NONE,NONE
WRK-RJ-002399,0,NONE,NONE
WRK-BR-002400,0,NONE,NONE
WRK-RJ-002401,0,NONE,NONE
WRK-RJ-002402,0,NONE,NONE
WRK-MH-002403,0,NONE,NONE
WRK-RJ-002404,0,NONE,NONE
WRK-UP-002405,0,NONE,NONE
WRK-UP-002406,0,NONE,CARTEL-UP-11
WRK-RJ-002407,0,NONE,NONE
WRK-TN-002408,0,NONE,NONE
WRK-TN-002409,0,NONE,CARTEL-TN-09
WRK-RJ-002410,0,NONE,NONE
WRK-AS-002411,0,NONE,NONE
WRK-UP-002412,0,NONE,NONE
WRK-MH-002413,1,PUPPET_RING,NONE
WRK-AS-002414,0,NONE,NONE
WRK-UP-002415,0,NONE,NONE
WRK-AS-002416,0,NONE,NONE
WRK-MH-002417,0,NONE,NONE
WRK-UP-002418,1,A2_COST_INFLATION,CARTEL-UP-11
WRK-UP-002419,0,NONE,NONE
WRK-RJ-002420,0,NONE,NONE
WRK-BR-002421,0,NONE,NONE
WRK-UP-002422,0,NONE,CARTEL-UP-11
WRK-AS-002423,0,NONE,NONE
WRK-MH-002424,0,NONE,NONE
WRK-TN-002425,0,NONE,NONE
WRK-TN-002426,0,NONE,NONE
WRK-TN-002427,0,NONE,CARTEL-TN-10
WRK-RJ-002428,0,NONE,NONE
WRK-UP-002429,0,NONE,NONE
WRK-AS-002430,0,NONE,NONE
WRK-RJ-002431,0,NONE,NONE
WRK-UP-002432,0,NONE,NONE
WRK-AS-002433,0,NONE,NONE
WRK-BR-002434,1,PUPPET_RING,NONE
WRK-AS-002435,0,NONE,NONE
WRK-AS-002436,0,NONE,NONE
WRK-UP-002437,0,NONE,NONE
WRK-AS-002438,0,NONE,NONE
WRK-TN-002439,0,NONE,NONE
WRK-TN-002440,0,NONE,CARTEL-TN-09
WRK-TN-002441,0,NONE,NONE
WRK-TN-002442,0,NONE,NONE
WRK-AS-002443,0,NONE,CARTEL-AS-02
WRK-UP-002444,0,NONE,NONE
WRK-RJ-002445,0,NONE,NONE
WRK-UP-002446,0,NONE,NONE
WRK-MH-002447,0,NONE,NONE
WRK-UP-002448,0,NONE,NONE
WRK-RJ-002449,0,NONE,NONE
WRK-AS-002450,0,NONE,NONE
WRK-RJ-002451,0,NONE,NONE
WRK-AS-002452,0,NONE,NONE
WRK-TN-002453,1,PUPPET_RING,CARTEL-TN-10
WRK-TN-002454,0,NONE,NONE
WRK-BR-002455,0,NONE,NONE
WRK-AS-002456,0,NONE,NONE
WRK-BR-002457,1,A4_VENDOR_CONCENTRATION,NONE
WRK-MH-002458,0,NONE,NONE
WRK-UP-002459,0,NONE,NONE
WRK-UP-002460,0,NONE,NONE
WRK-AS-002461,0,NONE,NONE
WRK-RJ-002462,0,NONE,NONE
WRK-UP-002463,0,NONE,NONE
WRK-MH-002464,0,NONE,NONE
WRK-UP-002465,0,NONE,NONE
WRK-BR-002466,0,NONE,NONE
WRK-AS-002467,0,NONE,NONE
WRK-TN-002468,0,NONE,NONE
WRK-UP-002469,0,NONE,NONE
WRK-AS-002470,0,NONE,NONE
WRK-MH-002471,0,NONE,NONE
WRK-TN-002472,0,NONE,NONE
WRK-MH-002473,0,NONE,NONE
WRK-MH-002474,0,NONE,NONE
WRK-MH-002475,0,NONE,CARTEL-MH-05
WRK-BR-002476,0,NONE,NONE
WRK-BR-002477,0,NONE,NONE
WRK-MH-002478,0,NONE,NONE
WRK-TN-002479,1,PUPPET_RING,CARTEL-TN-10
WRK-MH-002480,0,NONE,NONE
WRK-AS-002481,0,NONE,NONE
WRK-RJ-002482,0,NONE,NONE
WRK-AS-002483,0,NONE,CARTEL-AS-02
WRK-RJ-002484,0,NONE,NONE
WRK-MH-002485,0,NONE,NONE
WRK-BR-002486,0,NONE,NONE
WRK-AS-002487,0,NONE,NONE
WRK-BR-002488,0,NONE,NONE
WRK-RJ-002489,0,NONE,CARTEL-RJ-08
WRK-MH-002490,0,NONE,NONE
WRK-UP-002491,0,NONE,CARTEL-UP-11
WRK-TN-002492,0,NONE,NONE
WRK-AS-002493,0,NONE,NONE
WRK-AS-002494,0,NONE,NONE
WRK-UP-002495,0,NONE,NONE
WRK-RJ-002496,0,NONE,NONE
WRK-UP-002497,0,NONE,NONE
WRK-TN-002498,0,NONE,NONE
WRK-AS-002499,0,NONE,NONE
WRK-AS-002500,0,NONE,NONE
WRK-MH-002501,0,NONE,NONE
WRK-RJ-002502,0,NONE,NONE
WRK-BR-002503,1,A4_VENDOR_CONCENTRATION,NONE
WRK-MH-002504,0,NONE,NONE
WRK-BR-002505,0,NONE,NONE
WRK-TN-002506,1,A5_SPEED_FRAUD,NONE
WRK-TN-002507,0,NONE,NONE
WRK-RJ-002508,0,NONE,NONE
WRK-BR-002509,1,A4_VENDOR_CONCENTRATION,NONE
WRK-MH-002510,0,NONE,NONE
WRK-UP-002511,0,NONE,NONE
WRK-BR-002512,0,NONE,NONE
WRK-BR-002513,0,NONE,NONE
WRK-MH-002514,0,NONE,NONE
WRK-AS-002515,0,NONE,NONE
WRK-TN-002516,0,NONE,NONE
WRK-AS-002517,1,A1_DUPLICATE_WORK,NONE
WRK-AS-002518,0,NONE,CARTEL-AS-02
WRK-AS-002519,0,NONE,NONE
WRK-BR-002520,0,NONE,CARTEL-BR-03
WRK-TN-002521,0,NONE,NONE
WRK-RJ-002522,0,NONE,NONE
WRK-BR-002523,0,NONE,NONE
WRK-BR-002524,0,NONE,NONE
WRK-RJ-002525,0,NONE,CARTEL-RJ-08
WRK-UP-002526,0,NONE,NONE
WRK-TN-002527,0,NONE,NONE
WRK-MH-002528,0,NONE,NONE
WRK-UP-002529,0,NONE,NONE
WRK-BR-002530,1,A4_VENDOR_CONCENTRATION,NONE
WRK-AS-002531,0,NONE,NONE
WRK-UP-002532,0,NONE,CARTEL-UP-11
WRK-AS-002533,0,NONE,NONE
WRK-MH-002534,0,NONE,NONE
WRK-AS-002535,0,NONE,NONE
WRK-MH-002536,0,NONE,NONE
WRK-BR-002537,1,PUPPET_RING,NONE
WRK-TN-002538,0,NONE,NONE
WRK-UP-002539,0,NONE,NONE
WRK-MH-002540,0,NONE,NONE
WRK-AS-002541,0,NONE,NONE
WRK-UP-002542,0,NONE,NONE
WRK-BR-002543,0,NONE,NONE
WRK-AS-002544,1,A3_OVER_RELEASE,NONE
WRK-UP-002545,0,NONE,NONE
WRK-UP-002546,0,NONE,NONE
WRK-MH-002547,0,NONE,NONE
WRK-UP-002548,0,NONE,NONE
WRK-MH-002549,0,NONE,NONE
WRK-TN-002550,0,NONE,NONE
WRK-RJ-002551,0,NONE,NONE
WRK-RJ-002552,0,NONE,NONE
WRK-AS-002553,0,NONE,NONE
WRK-BR-002554,0,NONE,NONE
WRK-MH-002555,0,NONE,NONE
WRK-TN-002556,0,NONE,CARTEL-TN-09
WRK-UP-002557,0,NONE,NONE
WRK-AS-002558,0,NONE,NONE
WRK-AS-002559,0,NONE,NONE
WRK-TN-002560,0,NONE,NONE
WRK-TN-002561,0,NONE,NONE
WRK-RJ-002562,0,NONE,CARTEL-RJ-07
WRK-RJ-002563,0,NONE,NONE
WRK-MH-002564,1,PUPPET_RING,CARTEL-MH-06
WRK-RJ-002565,0,NONE,NONE
WRK-UP-002566,0,NONE,CARTEL-UP-11
WRK-AS-002567,0,NONE,NONE
WRK-RJ-002568,0,NONE,NONE
WRK-MH-002569,0,NONE,NONE
WRK-TN-002570,0,NONE,NONE
WRK-MH-002571,0,NONE,CARTEL-MH-06
WRK-RJ-002572,0,NONE,CARTEL-RJ-08
WRK-AS-002573,0,NONE,NONE
WRK-UP-002574,0,NONE,NONE
WRK-MH-002575,0,NONE,NONE
WRK-RJ-002576,0,NONE,NONE
WRK-MH-002577,0,NONE,NONE
WRK-RJ-002578,0,NONE,NONE
WRK-BR-002579,0,NONE,NONE
WRK-RJ-002580,0,NONE,NONE
WRK-UP-002581,0,NONE,NONE
WRK-BR-002582,0,NONE,NONE
WRK-MH-002583,0,NONE,NONE
WRK-TN-002584,0,NONE,CARTEL-TN-09
WRK-UP-002585,0,NONE,NONE
WRK-BR-002586,0,NONE,NONE
WRK-AS-002587,0,NONE,NONE
WRK-TN-002588,0,NONE,NONE
WRK-TN-002589,0,NONE,NONE
WRK-MH-002590,0,NONE,CARTEL-MH-05
WRK-MH-002591,1,PUPPET_RING,CARTEL-MH-06
WRK-AS-002592,0,NONE,NONE
WRK-AS-002593,0,NONE,NONE
WRK-TN-002594,0,NONE,NONE
WRK-UP-002595,0,NONE,NONE
WRK-UP-002596,0,NONE,NONE
WRK-AS-002597,0,NONE,NONE
WRK-MH-002598,0,NONE,NONE
WRK-TN-002599,0,NONE,NONE
WRK-BR-002600,0,NONE,NONE
WRK-BR-002601,0,NONE,NONE
WRK-MH-002602,0,NONE,NONE
WRK-BR-002603,0,NONE,NONE
WRK-TN-002604,0,NONE,NONE
WRK-BR-002605,0,NONE,NONE
WRK-BR-002606,1,A1_DUPLICATE_WORK,NONE
WRK-BR-002607,0,NONE,NONE
WRK-AS-002608,0,NONE,NONE
WRK-UP-002609,0,NONE,NONE
WRK-TN-002610,1,PUPPET_RING,NONE
WRK-TN-002611,0,NONE,CARTEL-TN-09
WRK-TN-002612,0,NONE,NONE
WRK-TN-002613,0,NONE,NONE
WRK-RJ-002614,0,NONE,NONE
WRK-MH-002615,1,A3_OVER_RELEASE,NONE
WRK-RJ-002616,0,NONE,NONE
WRK-BR-002617,0,NONE,NONE
WRK-UP-002618,1,A5_SPEED_FRAUD,CARTEL-UP-11
WRK-MH-002619,0,NONE,NONE
WRK-RJ-002620,0,NONE,NONE
WRK-RJ-002621,0,NONE,CARTEL-RJ-07
WRK-MH-002622,0,NONE,NONE
WRK-AS-002623,0,NONE,NONE
WRK-TN-002624,1,A3_OVER_RELEASE,NONE
WRK-BR-002625,0,NONE,NONE
WRK-AS-002626,0,NONE,NONE
WRK-AS-002627,0,NONE,NONE
WRK-AS-002628,0,NONE,NONE
WRK-TN-002629,1,PUPPET_RING,NONE
WRK-UP-002630,0,NONE,CARTEL-UP-11
WRK-UP-002631,0,NONE,NONE
WRK-AS-002632,0,NONE,CARTEL-AS-02
WRK-UP-002633,0,NONE,NONE
WRK-BR-002634,1,PUPPET_RING,NONE
WRK-BR-002635,0,NONE,NONE
WRK-AS-002636,0,NONE,CARTEL-AS-01
WRK-BR-002637,0,NONE,NONE
WRK-BR-002638,0,NONE,CARTEL-BR-04
WRK-AS-002639,0,NONE,NONE
WRK-RJ-002640,0,NONE,NONE
WRK-RJ-002641,0,NONE,NONE
WRK-MH-002642,0,NONE,NONE
WRK-BR-002643,0,NONE,NONE
WRK-BR-002644,0,NONE,NONE
WRK-MH-002645,0,NONE,NONE
WRK-RJ-002646,0,NONE,NONE
WRK-RJ-002647,0,NONE,NONE
WRK-BR-002648,0,NONE,NONE
WRK-TN-002649,0,NONE,NONE
WRK-TN-002650,1,PUPPET_RING,NONE
WRK-AS-002651,0,NONE,CARTEL-AS-02
WRK-MH-002652,0,NONE,NONE
WRK-UP-002653,0,NONE,NONE
WRK-BR-002654,0,NONE,CARTEL-BR-04
WRK-AS-002655,0,NONE,NONE
WRK-MH-002656,0,NONE,NONE
WRK-MH-002657,0,NONE,NONE
WRK-TN-002658,0,NONE,NONE
WRK-MH-002659,0,NONE,NONE
WRK-BR-002660,0,NONE,CARTEL-BR-03
WRK-TN-002661,0,NONE,CARTEL-TN-10
WRK-AS-002662,0,NONE,NONE
WRK-AS-002663,0,NONE,NONE
WRK-RJ-002664,0,NONE,NONE
WRK-AS-002665,0,NONE,CARTEL-AS-01
WRK-RJ-002666,0,NONE,CARTEL-RJ-08
WRK-TN-002667,0,NONE,NONE
WRK-TN-002668,0,NONE,NONE
WRK-AS-002669,0,NONE,NONE
WRK-RJ-002670,0,NONE,NONE
WRK-MH-002671,0,NONE,NONE
WRK-UP-002672,0,NONE,NONE
WRK-RJ-002673,0,NONE,NONE
WRK-AS-002674,0,NONE,CARTEL-AS-02
WRK-TN-002675,1,A5_SPEED_FRAUD,NONE
WRK-UP-002676,0,NONE,NONE
WRK-MH-002677,0,NONE,NONE
WRK-TN-002678,1,PUPPET_RING,NONE
WRK-TN-002679,0,NONE,NONE
WRK-BR-002680,1,PUPPET_RING,NONE
WRK-RJ-002681,0,NONE,NONE
WRK-UP-002682,0,NONE,NONE
WRK-AS-002683,0,NONE,NONE
WRK-MH-002684,0,NONE,NONE
WRK-BR-002685,0,NONE,NONE
WRK-AS-002686,0,NONE,NONE
WRK-TN-002687,0,NONE,NONE
WRK-MH-002688,0,NONE,NONE
WRK-BR-002689,0,NONE,NONE
WRK-RJ-002690,0,NONE,NONE
WRK-RJ-002691,0,NONE,NONE
WRK-RJ-002692,0,NONE,NONE
WRK-MH-002693,0,NONE,NONE
WRK-UP-002694,0,NONE,NONE
WRK-UP-002695,0,NONE,NONE
WRK-UP-002696,0,NONE,NONE
WRK-TN-002697,1,PUPPET_RING,CARTEL-TN-10
WRK-MH-002698,0,NONE,NONE
WRK-RJ-002699,0,NONE,NONE
WRK-TN-002700,0,NONE,NONE
WRK-TN-002701,0,NONE,NONE
WRK-UP-002702,1,A5_SPEED_FRAUD,CARTEL-UP-11
WRK-RJ-002703,0,NONE,NONE
WRK-AS-002704,0,NONE,NONE
WRK-MH-002705,0,NONE,CARTEL-MH-06
WRK-AS-002706,0,NONE,NONE
WRK-TN-002707,0,NONE,NONE
WRK-TN-002708,0,NONE,NONE
WRK-TN-002709,0,NONE,NONE
WRK-RJ-002710,0,NONE,NONE
WRK-BR-002711,0,NONE,NONE
WRK-UP-002712,0,NONE,CARTEL-UP-11
WRK-AS-002713,0,NONE,NONE
WRK-UP-002714,0,NONE,CARTEL-UP-11
WRK-AS-002715,0,NONE,NONE
WRK-TN-002716,0,NONE,NONE
WRK-TN-002717,1,PUPPET_RING,NONE
WRK-AS-002718,0,NONE,NONE
WRK-MH-002719,0,NONE,NONE
WRK-RJ-002720,0,NONE,NONE
WRK-UP-002721,0,NONE,NONE
WRK-TN-002722,0,NONE,NONE
WRK-BR-002723,1,PUPPET_RING,NONE
WRK-UP-002724,1,A2_COST_INFLATION,NONE
WRK-MH-002725,0,NONE,CARTEL-MH-05
WRK-BR-002726,0,NONE,NONE
WRK-TN-002727,0,NONE,NONE
WRK-UP-002728,1,A2_COST_INFLATION,NONE
WRK-RJ-002729,1,A4_VENDOR_CONCENTRATION,NONE
WRK-MH-002730,0,NONE,NONE
WRK-UP-002731,0,NONE,NONE
WRK-UP-002732,0,NONE,NONE
WRK-MH-002733,0,NONE,NONE
WRK-UP-002734,0,NONE,NONE
WRK-RJ-002735,0,NONE,NONE
WRK-MH-002736,0,NONE,NONE
WRK-RJ-002737,0,NONE,NONE
WRK-TN-002738,0,NONE,NONE
WRK-AS-002739,0,NONE,NONE
WRK-MH-002740,1,PUPPET_RING,CARTEL-MH-06
WRK-BR-002741,0,NONE,NONE
WRK-UP-002742,1,A1_DUPLICATE_WORK,NONE
WRK-TN-002743,0,NONE,NONE
WRK-RJ-002744,0,NONE,NONE
WRK-MH-002745,0,NONE,NONE
WRK-AS-002746,0,NONE,NONE
WRK-TN-002747,0,NONE,NONE
WRK-AS-002748,0,NONE,NONE
WRK-UP-002749,0,NONE,NONE
WRK-UP-002750,0,NONE,NONE
WRK-UP-002751,0,NONE,CARTEL-UP-11
WRK-BR-002752,0,NONE,NONE
WRK-AS-002753,0,NONE,NONE
WRK-AS-002754,0,NONE,NONE
WRK-AS-002755,0,NONE,NONE
WRK-TN-002756,0,NONE,NONE
WRK-RJ-002757,0,NONE,NONE
WRK-TN-002758,0,NONE,NONE
WRK-AS-002759,0,NONE,NONE
WRK-BR-002760,0,NONE,NONE
WRK-TN-002761,0,NONE,NONE
WRK-RJ-002762,0,NONE,NONE
WRK-TN-002763,0,NONE,NONE
WRK-RJ-002764,0,NONE,NONE
WRK-RJ-002765,0,NONE,CARTEL-RJ-08
WRK-AS-002766,0,NONE,NONE
WRK-UP-002767,0,NONE,NONE
WRK-BR-002768,0,NONE,CARTEL-BR-04
WRK-TN-002769,0,NONE,NONE
WRK-AS-002770,0,NONE,NONE
WRK-BR-002771,0,NONE,NONE
WRK-RJ-002772,1,A4_VENDOR_CONCENTRATION,NONE
WRK-MH-002773,1,PUPPET_RING,NONE
WRK-AS-002774,0,NONE,NONE
WRK-BR-002775,0,NONE,NONE
WRK-AS-002776,0,NONE,NONE
WRK-UP-002777,0,NONE,NONE
WRK-MH-002778,0,NONE,NONE
WRK-TN-002779,0,NONE,NONE
WRK-UP-002780,0,NONE,NONE
WRK-MH-002781,0,NONE,CARTEL-MH-06
WRK-TN-002782,0,NONE,NONE
WRK-TN-002783,0,NONE,NONE
WRK-MH-002784,0,NONE,NONE
WRK-TN-002785,0,NONE,NONE
WRK-AS-002786,0,NONE,NONE
WRK-RJ-002787,0,NONE,NONE
WRK-UP-002788,0,NONE,NONE
WRK-MH-002789,0,NONE,NONE
WRK-TN-002790,0,NONE,NONE
WRK-AS-002791,0,NONE,NONE
WRK-TN-002792,0,NONE,NONE
WRK-UP-002793,0,NONE,NONE
WRK-BR-002794,0,NONE,NONE
WRK-BR-002795,0,NONE,NONE
WRK-RJ-002796,0,NONE,NONE
WRK-MH-002797,0,NONE,NONE
WRK-UP-002798,0,NONE,NONE
WRK-RJ-002799,0,NONE,NONE
WRK-TN-002800,0,NONE,NONE
WRK-AS-002801,0,NONE,NONE
WRK-TN-002802,0,NONE,NONE
WRK-MH-002803,0,NONE,NONE
WRK-BR-002804,1,PUPPET_RING,NONE
WRK-BR-002805,0,NONE,NONE
WRK-TN-002806,0,NONE,NONE
WRK-UP-002807,0,NONE,NONE
WRK-BR-002808,0,NONE,NONE
WRK-RJ-002809,0,NONE,CARTEL-RJ-07
WRK-RJ-002810,0,NONE,NONE
WRK-MH-002811,0,NONE,NONE
WRK-MH-002812,1,A2_COST_INFLATION,NONE
WRK-TN-002813,0,NONE,NONE
WRK-MH-002814,0,NONE,NONE
WRK-TN-002815,1,PUPPET_RING,CARTEL-TN-09
WRK-RJ-002816,0,NONE,CARTEL-RJ-07
WRK-UP-002817,0,NONE,NONE
WRK-AS-002818,0,NONE,CARTEL-AS-02
WRK-TN-002819,0,NONE,CARTEL-TN-09
WRK-UP-002820,0,NONE,NONE
WRK-BR-002821,0,NONE,NONE
WRK-AS-002822,0,NONE,NONE
WRK-AS-002823,0,NONE,CARTEL-AS-01
WRK-AS-002824,0,NONE,NONE
WRK-RJ-002825,0,NONE,NONE
WRK-BR-002826,0,NONE,CARTEL-BR-04
WRK-UP-002827,0,NONE,NONE
WRK-RJ-002828,0,NONE,NONE
WRK-AS-002829,0,NONE,NONE
WRK-UP-002830,0,NONE,CARTEL-UP-11
WRK-TN-002831,0,NONE,NONE
WRK-RJ-002832,0,NONE,CARTEL-RJ-07
WRK-BR-002833,0,NONE,NONE
WRK-TN-002834,1,PUPPET_RING,NONE
WRK-BR-002835,0,NONE,NONE
WRK-TN-002836,0,NONE,NONE
WRK-BR-002837,0,NONE,NONE
WRK-TN-002838,0,NONE,NONE
WRK-MH-002839,0,NONE,CARTEL-MH-05
WRK-UP-002840,0,NONE,CARTEL-UP-11
WRK-UP-002841,0,NONE,NONE
WRK-MH-002842,0,NONE,NONE
WRK-TN-002843,0,NONE,NONE
WRK-RJ-002844,0,NONE,NONE
WRK-BR-002845,0,NONE,NONE
WRK-MH-002846,0,NONE,NONE
WRK-AS-002847,0,NONE,NONE
WRK-RJ-002848,0,NONE,NONE
WRK-AS-002849,0,NONE,NONE
WRK-RJ-002850,0,NONE,NONE
WRK-BR-002851,0,NONE,NONE
WRK-TN-002852,0,NONE,NONE
WRK-RJ-002853,0,NONE,NONE
WRK-RJ-002854,0,NONE,NONE
WRK-RJ-002855,0,NONE,NONE
WRK-TN-002856,0,NONE,NONE
WRK-UP-002857,1,A2_COST_INFLATION,NONE
WRK-BR-002858,1,A4_VENDOR_CONCENTRATION,NONE
WRK-MH-002859,1,PUPPET_RING,NONE
WRK-AS-002860,0,NONE,NONE
WRK-MH-002861,0,NONE,NONE
WRK-MH-002862,1,A3_OVER_RELEASE,NONE
WRK-TN-002863,0,NONE,NONE
WRK-TN-002864,1,PUPPET_RING,CARTEL-TN-09
WRK-MH-002865,0,NONE,CARTEL-MH-05
WRK-AS-002866,0,NONE,NONE
WRK-UP-002867,0,NONE,NONE
WRK-TN-002868,0,NONE,NONE
WRK-MH-002869,0,NONE,NONE
WRK-BR-002870,0,NONE,NONE
WRK-RJ-002871,0,NONE,NONE
WRK-TN-002872,0,NONE,NONE
WRK-MH-002873,0,NONE,NONE
WRK-AS-002874,0,NONE,NONE
WRK-MH-002875,0,NONE,NONE
WRK-BR-002876,0,NONE,NONE
WRK-BR-002877,0,NONE,NONE
WRK-TN-002878,0,NONE,NONE
WRK-UP-002879,0,NONE,NONE
WRK-UP-002880,0,NONE,NONE
WRK-UP-002881,0,NONE,CARTEL-UP-11
WRK-UP-002882,0,NONE,NONE
WRK-UP-002883,0,NONE,NONE
WRK-UP-002884,0,NONE,NONE
WRK-RJ-002885,0,NONE,NONE
WRK-AS-002886,0,NONE,NONE
WRK-RJ-002887,0,NONE,CARTEL-RJ-07
WRK-TN-002888,0,NONE,NONE
WRK-BR-002889,0,NONE,NONE
WRK-UP-002890,1,A3_OVER_RELEASE,NONE
WRK-UP-002891,0,NONE,CARTEL-UP-11
WRK-BR-002892,0,NONE,NONE
WRK-AS-002893,0,NONE,CARTEL-AS-02
WRK-RJ-002894,0,NONE,NONE
WRK-TN-002895,0,NONE,NONE
WRK-RJ-002896,0,NONE,NONE
WRK-BR-002897,0,NONE,CARTEL-BR-04
WRK-TN-002898,0,NONE,NONE
WRK-TN-002899,0,NONE,NONE
WRK-BR-002900,0,NONE,NONE
WRK-RJ-002901,0,NONE,NONE
WRK-MH-002902,0,NONE,CARTEL-MH-05
WRK-RJ-002903,0,NONE,NONE
WRK-RJ-002904,1,A1_DUPLICATE_WORK,NONE
WRK-TN-002905,0,NONE,NONE
WRK-BR-002906,0,NONE,NONE
WRK-RJ-002907,0,NONE,NONE
WRK-UP-002908,0,NONE,NONE
WRK-AS-002909,0,NONE,NONE
WRK-RJ-002910,0,NONE,NONE
WRK-AS-002911,0,NONE,NONE
WRK-RJ-002912,0,NONE,NONE
WRK-BR-002913,0,NONE,NONE
WRK-AS-002914,0,NONE,NONE
WRK-BR-002915,0,NONE,CARTEL-BR-03
WRK-UP-002916,0,NONE,NONE
WRK-AS-002917,0,NONE,NONE
WRK-RJ-002918,0,NONE,NONE
WRK-MH-002919,1,PUPPET_RING,NONE
WRK-MH-002920,0,NONE,NONE
WRK-RJ-002921,0,NONE,NONE
WRK-UP-002922,0,NONE,NONE
WRK-RJ-002923,0,NONE,CARTEL-RJ-07
WRK-BR-002924,0,NONE,NONE
WRK-TN-002925,0,NONE,NONE
WRK-RJ-002926,0,NONE,CARTEL-RJ-08
WRK-TN-002927,0,NONE,NONE
WRK-BR-002928,0,NONE,NONE
WRK-BR-002929,0,NONE,NONE
WRK-UP-002930,0,NONE,NONE
WRK-RJ-002931,0,NONE,NONE
WRK-RJ-002932,0,NONE,NONE
WRK-TN-002933,0,NONE,NONE
WRK-TN-002934,0,NONE,NONE
WRK-MH-002935,0,NONE,NONE
WRK-AS-002936,0,NONE,NONE
WRK-UP-002937,0,NONE,NONE
WRK-UP-002938,0,NONE,NONE
WRK-AS-002939,0,NONE,CARTEL-AS-02
WRK-MH-002940,0,NONE,NONE
WRK-BR-002941,0,NONE,NONE
WRK-AS-002942,0,NONE,NONE
WRK-RJ-002943,0,NONE,NONE
WRK-UP-002944,0,NONE,NONE
WRK-RJ-002945,0,NONE,NONE
WRK-RJ-002946,0,NONE,NONE
WRK-AS-002947,0,NONE,NONE
WRK-AS-002948,0,NONE,NONE
WRK-UP-002949,0,NONE,CARTEL-UP-11
WRK-UP-002950,0,NONE,NONE
WRK-MH-002951,0,NONE,NONE
WRK-MH-002952,0,NONE,CARTEL-MH-06
WRK-TN-002953,0,NONE,NONE
WRK-BR-002954,0,NONE,NONE
WRK-RJ-002955,0,NONE,NONE
WRK-TN-002956,1,PUPPET_RING,NONE
WRK-RJ-002957,0,NONE,NONE
WRK-UP-002958,0,NONE,NONE
WRK-AS-002959,0,NONE,NONE
WRK-BR-002960,0,NONE,NONE
WRK-TN-002961,0,NONE,NONE
WRK-MH-002962,0,NONE,NONE
WRK-AS-002963,0,NONE,CARTEL-AS-01
WRK-MH-002964,0,NONE,NONE
WRK-RJ-002965,0,NONE,NONE
WRK-RJ-002966,0,NONE,NONE
WRK-RJ-002967,0,NONE,NONE
WRK-MH-002968,0,NONE,NONE
WRK-TN-002969,1,A5_SPEED_FRAUD,CARTEL-TN-10
WRK-RJ-002970,0,NONE,NONE
WRK-MH-002971,0,NONE,NONE
WRK-RJ-002972,0,NONE,NONE
WRK-MH-002973,0,NONE,NONE
WRK-TN-002974,0,NONE,NONE
WRK-MH-002975,0,NONE,NONE
WRK-MH-002976,0,NONE,NONE
WRK-TN-002977,1,PUPPET_RING,NONE
WRK-AS-002978,0,NONE,NONE
WRK-TN-002979,0,NONE,NONE
WRK-BR-002980,1,A2_COST_INFLATION,NONE
WRK-UP-002981,0,NONE,NONE
WRK-UP-002982,0,NONE,CARTEL-UP-11
WRK-BR-002983,1,A3_OVER_RELEASE,NONE
WRK-AS-002984,0,NONE,CARTEL-AS-01
WRK-AS-002985,0,NONE,NONE
WRK-TN-002986,0,NONE,NONE
WRK-TN-002987,1,A1_DUPLICATE_WORK,CARTEL-TN-09
WRK-MH-002988,0,NONE,NONE
WRK-TN-002989,0,NONE,NONE
WRK-TN-002990,1,PUPPET_RING,CARTEL-TN-09
WRK-UP-002991,0,NONE,NONE
WRK-BR-002992,0,NONE,NONE
WRK-UP-002993,0,NONE,NONE
WRK-RJ-002994,0,NONE,CARTEL-RJ-08
WRK-MH-002995,0,NONE,NONE
WRK-MH-002996,0,NONE,NONE
WRK-AS-002997,0,NONE,CARTEL-AS-02
WRK-TN-002998,0,NONE,NONE
WRK-BR-002999,0,NONE,NONE
WRK-MH-003000,0,NONE,NONE
WRK-AS-003001,0,NONE,NONE
WRK-AS-003002,0,NONE,CARTEL-AS-01
WRK-AS-003003,0,NONE,NONE
WRK-RJ-003004,0,NONE,CARTEL-RJ-07
WRK-AS-003005,0,NONE,NONE
WRK-BR-003006,0,NONE,NONE
WRK-BR-003007,0,NONE,NONE
WRK-RJ-003008,0,NONE,NONE
WRK-UP-003009,0,NONE,NONE
WRK-AS-003010,0,NONE,NONE
WRK-MH-003011,0,NONE,NONE
WRK-MH-003012,0,NONE,NONE
WRK-UP-003013,0,NONE,NONE
WRK-BR-003014,0,NONE,CARTEL-BR-04
WRK-BR-003015,1,A4_VENDOR_CONCENTRATION,NONE
WRK-TN-003016,0,NONE,NONE
WRK-MH-003017,0,NONE,NONE
WRK-UP-003018,0,NONE,NONE
WRK-BR-003019,1,A2_COST_INFLATION,NONE
WRK-UP-003020,0,NONE,CARTEL-UP-11
WRK-MH-003021,0,NONE,CARTEL-MH-05
WRK-TN-003022,0,NONE,NONE
WRK-AS-003023,0,NONE,NONE
WRK-BR-003024,0,NONE,NONE
WRK-TN-003025,0,NONE,NONE
WRK-TN-003026,0,NONE,CARTEL-TN-10
WRK-RJ-003027,0,NONE,NONE
WRK-AS-003028,0,NONE,NONE
WRK-RJ-003029,0,NONE,NONE
WRK-MH-003030,0,NONE,NONE
WRK-BR-003031,0,NONE,CARTEL-BR-04
WRK-MH-003032,0,NONE,NONE
WRK-BR-003033,0,NONE,NONE
WRK-BR-003034,0,NONE,NONE
WRK-MH-003035,0,NONE,NONE
WRK-RJ-003036,0,NONE,NONE
WRK-UP-003037,0,NONE,NONE
WRK-RJ-003038,0,NONE,CARTEL-RJ-07
WRK-UP-003039,0,NONE,NONE
WRK-MH-003040,0,NONE,NONE
WRK-RJ-003041,0,NONE,NONE
WRK-UP-003042,0,NONE,NONE
WRK-BR-003043,1,PUPPET_RING,NONE
WRK-RJ-003044,0,NONE,NONE
WRK-TN-003045,0,NONE,NONE
WRK-MH-003046,0,NONE,NONE
WRK-TN-003047,0,NONE,NONE
WRK-AS-003048,0,NONE,NONE
WRK-MH-003049,0,NONE,NONE
WRK-UP-003050,0,NONE,NONE
WRK-UP-003051,0,NONE,NONE
WRK-UP-003052,0,NONE,NONE
WRK-TN-003053,0,NONE,NONE
WRK-UP-003054,0,NONE,NONE
WRK-TN-003055,0,NONE,NONE
WRK-AS-003056,0,NONE,NONE
WRK-TN-003057,0,NONE,NONE
WRK-TN-003058,0,NONE,NONE
WRK-MH-003059,0,NONE,CARTEL-MH-05
WRK-TN-003060,0,NONE,NONE
WRK-RJ-003061,0,NONE,NONE
WRK-RJ-003062,0,NONE,NONE
WRK-MH-003063,0,NONE,NONE
WRK-RJ-003064,1,A1_DUPLICATE_WORK,NONE
WRK-AS-003065,0,NONE,NONE
WRK-BR-003066,0,NONE,NONE
WRK-BR-003067,0,NONE,NONE
WRK-MH-003068,0,NONE,NONE
WRK-RJ-003069,0,NONE,NONE
WRK-RJ-003070,0,NONE,NONE
WRK-UP-003071,0,NONE,NONE
WRK-MH-003072,0,NONE,NONE
WRK-AS-003073,0,NONE,NONE
WRK-TN-003074,0,NONE,NONE
WRK-MH-003075,0,NONE,CARTEL-MH-06
WRK-BR-003076,1,A4_VENDOR_CONCENTRATION,NONE
WRK-MH-003077,0,NONE,CARTEL-MH-05
WRK-MH-003078,0,NONE,CARTEL-MH-05
WRK-RJ-003079,0,NONE,NONE
WRK-BR-003080,0,NONE,NONE
WRK-AS-003081,0,NONE,NONE
WRK-TN-003082,0,NONE,NONE
WRK-AS-003083,0,NONE,NONE
WRK-BR-003084,1,A1_DUPLICATE_WORK,NONE
WRK-RJ-003085,0,NONE,NONE
WRK-MH-003086,0,NONE,CARTEL-MH-05
WRK-AS-003087,0,NONE,NONE
WRK-AS-003088,0,NONE,NONE
WRK-UP-003089,0,NONE,NONE
WRK-UP-003090,0,NONE,CARTEL-UP-11
WRK-UP-003091,0,NONE,NONE
WRK-BR-003092,0,NONE,NONE
WRK-TN-003093,0,NONE,NONE
WRK-UP-003094,0,NONE,CARTEL-UP-11
WRK-UP-003095,0,NONE,NONE
WRK-AS-003096,0,NONE,NONE
WRK-MH-003097,1,A3_OVER_RELEASE,NONE
WRK-BR-003098,1,PUPPET_RING,NONE
WRK-UP-003099,0,NONE,NONE
WRK-UP-003100,0,NONE,NONE
WRK-RJ-003101,0,NONE,CARTEL-RJ-07
WRK-AS-003102,0,NONE,CARTEL-AS-01
WRK-TN-003103,1,PUPPET_RING,CARTEL-TN-09
WRK-UP-003104,0,NONE,NONE
WRK-TN-003105,1,PUPPET_RING,NONE
WRK-UP-003106,0,NONE,NONE
WRK-AS-003107,0,NONE,NONE
WRK-RJ-003108,0,NONE,NONE
WRK-TN-003109,0,NONE,NONE
WRK-BR-003110,0,NONE,NONE
WRK-MH-003111,0,NONE,NONE
WRK-TN-003112,0,NONE,NONE
WRK-RJ-003113,0,NONE,NONE
WRK-TN-003114,0,NONE,NONE
WRK-AS-003115,0,NONE,NONE
WRK-TN-003116,0,NONE,NONE
WRK-MH-003117,0,NONE,NONE
WRK-MH-003118,0,NONE,NONE
WRK-BR-003119,0,NONE,CARTEL-BR-03
WRK-RJ-003120,0,NONE,NONE
WRK-RJ-003121,0,NONE,NONE
WRK-AS-003122,0,NONE,NONE
WRK-TN-003123,0,NONE,NONE
WRK-RJ-003124,0,NONE,NONE
WRK-BR-003125,0,NONE,NONE
WRK-RJ-003126,0,NONE,NONE
WRK-MH-003127,0,NONE,CARTEL-MH-05
WRK-BR-003128,0,NONE,NONE
WRK-MH-003129,0,NONE,NONE
WRK-AS-003130,0,NONE,NONE
WRK-TN-003131,0,NONE,NONE
WRK-AS-003132,0,NONE,NONE
WRK-RJ-003133,0,NONE,NONE
WRK-TN-003134,0,NONE,NONE
WRK-TN-003135,0,NONE,NONE
WRK-RJ-003136,0,NONE,NONE
WRK-RJ-003137,0,NONE,NONE
WRK-MH-003138,0,NONE,NONE
WRK-UP-003139,0,NONE,NONE
WRK-MH-003140,1,PUPPET_RING,NONE
WRK-RJ-003141,0,NONE,CARTEL-RJ-08
WRK-TN-003142,0,NONE,NONE
WRK-TN-003143,0,NONE,NONE
WRK-UP-003144,0,NONE,NONE
WRK-AS-003145,0,NONE,NONE
WRK-UP-003146,0,NONE,NONE
WRK-RJ-003147,0,NONE,CARTEL-RJ-08
WRK-BR-003148,0,NONE,NONE
WRK-AS-003149,0,NONE,CARTEL-AS-01
WRK-RJ-003150,0,NONE,NONE
WRK-UP-003151,0,NONE,NONE
WRK-AS-003152,0,NONE,NONE
WRK-TN-003153,0,NONE,NONE
WRK-MH-003154,0,NONE,NONE
WRK-TN-003155,0,NONE,NONE
WRK-AS-003156,1,A1_DUPLICATE_WORK,NONE
WRK-BR-003157,0,NONE,NONE
WRK-UP-003158,0,NONE,CARTEL-UP-11
WRK-BR-003159,0,NONE,NONE
WRK-AS-003160,0,NONE,NONE
WRK-AS-003161,0,NONE,NONE
WRK-RJ-003162,0,NONE,NONE
WRK-TN-003163,1,PUPPET_RING,CARTEL-TN-10
WRK-BR-003164,0,NONE,NONE
WRK-AS-003165,0,NONE,NONE
WRK-BR-003166,0,NONE,NONE
WRK-MH-003167,0,NONE,NONE
WRK-MH-003168,0,NONE,NONE
WRK-MH-003169,0,NONE,NONE
WRK-TN-003170,0,NONE,NONE
WRK-TN-003171,0,NONE,NONE
WRK-AS-003172,0,NONE,NONE
WRK-AS-003173,0,NONE,NONE
WRK-BR-003174,0,NONE,NONE
WRK-TN-003175,0,NONE,NONE
WRK-MH-003176,0,NONE,NONE
WRK-MH-003177,1,PUPPET_RING,NONE
WRK-MH-003178,0,NONE,CARTEL-MH-05
WRK-AS-003179,0,NONE,NONE
WRK-UP-003180,0,NONE,NONE
WRK-BR-003181,0,NONE,NONE
WRK-AS-003182,0,NONE,NONE
WRK-TN-003183,1,PUPPET_RING,NONE
WRK-TN-003184,0,NONE,NONE
WRK-TN-003185,0,NONE,CARTEL-TN-10
WRK-AS-003186,0,NONE,CARTEL-AS-01
WRK-BR-003187,0,NONE,NONE
WRK-BR-003188,1,PUPPET_RING,NONE
WRK-AS-003189,0,NONE,NONE
WRK-BR-003190,0,NONE,CARTEL-BR-04
WRK-AS-003191,0,NONE,CARTEL-AS-02
WRK-AS-003192,0,NONE,CARTEL-AS-02
WRK-AS-003193,0,NONE,NONE
WRK-MH-003194,0,NONE,CARTEL-MH-05
WRK-MH-003195,0,NONE,NONE
WRK-RJ-003196,0,NONE,NONE
WRK-MH-003197,0,NONE,NONE
WRK-RJ-003198,0,NONE,NONE
WRK-TN-003199,0,NONE,NONE
WRK-TN-003200,0,NONE,NONE
WRK-BR-003201,0,NONE,NONE
WRK-BR-003202,1,PUPPET_RING,NONE
WRK-MH-003203,0,NONE,NONE
WRK-UP-003204,0,NONE,NONE
WRK-TN-003205,1,A3_OVER_RELEASE,NONE
WRK-AS-003206,0,NONE,NONE
WRK-BR-003207,1,PUPPET_RING,NONE
WRK-AS-003208,0,NONE,NONE
WRK-RJ-003209,0,NONE,NONE
WRK-AS-003210,0,NONE,NONE
WRK-RJ-003211,0,NONE,NONE
WRK-TN-003212,0,NONE,NONE
WRK-MH-003213,0,NONE,NONE
WRK-UP-003214,0,NONE,NONE
WRK-BR-003215,0,NONE,NONE
WRK-BR-003216,1,PUPPET_RING,NONE
WRK-TN-003217,0,NONE,CARTEL-TN-09
WRK-RJ-003218,0,NONE,NONE
WRK-AS-003219,0,NONE,NONE
WRK-UP-003220,0,NONE,NONE
WRK-BR-003221,0,NONE,NONE
WRK-BR-003222,0,NONE,NONE
WRK-BR-003223,0,NONE,NONE
WRK-AS-003224,0,NONE,NONE
WRK-AS-003225,0,NONE,CARTEL-AS-02
WRK-BR-003226,0,NONE,NONE
WRK-MH-003227,0,NONE,NONE
WRK-TN-003228,0,NONE,CARTEL-TN-09
WRK-TN-003229,0,NONE,NONE
WRK-TN-003230,0,NONE,NONE
WRK-RJ-003231,0,NONE,NONE
WRK-UP-003232,0,NONE,NONE
WRK-RJ-003233,0,NONE,NONE
WRK-BR-003234,1,PUPPET_RING,NONE
WRK-BR-003235,0,NONE,NONE
WRK-RJ-003236,0,NONE,NONE
WRK-MH-003237,0,NONE,CARTEL-MH-05
WRK-AS-003238,0,NONE,NONE
WRK-BR-003239,0,NONE,NONE
WRK-TN-003240,0,NONE,NONE
WRK-TN-003241,1,PUPPET_RING,CARTEL-TN-10
WRK-TN-003242,0,NONE,NONE
WRK-TN-003243,0,NONE,NONE
WRK-TN-003244,0,NONE,NONE
WRK-AS-003245,0,NONE,CARTEL-AS-02
WRK-MH-003246,0,NONE,NONE
WRK-MH-003247,1,PUPPET_RING,NONE
WRK-TN-003248,1,PUPPET_RING,CARTEL-TN-09
WRK-BR-003249,0,NONE,NONE
WRK-UP-003250,0,NONE,NONE
WRK-AS-003251,0,NONE,NONE
WRK-TN-003252,0,NONE,NONE
WRK-MH-003253,0,NONE,NONE
WRK-BR-003254,0,NONE,NONE
WRK-RJ-003255,0,NONE,NONE
WRK-MH-003256,0,NONE,NONE
WRK-UP-003257,0,NONE,NONE
WRK-TN-003258,0,NONE,NONE
WRK-BR-003259,0,NONE,NONE
WRK-RJ-003260,0,NONE,NONE
WRK-UP-003261,0,NONE,NONE
WRK-UP-003262,0,NONE,NONE
WRK-UP-003263,0,NONE,NONE
WRK-BR-003264,0,NONE,CARTEL-BR-04
WRK-RJ-003265,0,NONE,NONE
WRK-RJ-003266,0,NONE,NONE
WRK-BR-003267,0,NONE,NONE
WRK-UP-003268,0,NONE,NONE
WRK-AS-003269,0,NONE,NONE
WRK-MH-003270,0,NONE,NONE
WRK-BR-003271,0,NONE,NONE
WRK-UP-003272,0,NONE,NONE
WRK-RJ-003273,0,NONE,CARTEL-RJ-08
WRK-RJ-003274,0,NONE,CARTEL-RJ-07
WRK-TN-003275,1,PUPPET_RING,NONE
WRK-TN-003276,0,NONE,NONE
WRK-RJ-003277,0,NONE,CARTEL-RJ-08
WRK-UP-003278,0,NONE,NONE
WRK-AS-003279,0,NONE,NONE
WRK-TN-003280,1,PUPPET_RING,NONE
WRK-TN-003281,0,NONE,NONE
WRK-AS-003282,0,NONE,NONE
WRK-BR-003283,0,NONE,NONE
WRK-BR-003284,0,NONE,NONE
WRK-BR-003285,0,NONE,NONE
WRK-RJ-003286,0,NONE,NONE
WRK-BR-003287,0,NONE,NONE
WRK-AS-003288,0,NONE,NONE
WRK-RJ-003289,0,NONE,NONE
WRK-TN-003290,0,NONE,NONE
WRK-AS-003291,0,NONE,NONE
WRK-TN-003292,0,NONE,NONE
WRK-BR-003293,0,NONE,NONE
WRK-BR-003294,0,NONE,NONE
WRK-TN-003295,0,NONE,CARTEL-TN-10
WRK-RJ-003296,0,NONE,NONE
WRK-AS-003297,0,NONE,CARTEL-AS-02
WRK-UP-003298,0,NONE,CARTEL-UP-11
WRK-BR-003299,0,NONE,NONE
WRK-UP-003300,0,NONE,NONE
WRK-MH-003301,0,NONE,NONE
WRK-AS-003302,0,NONE,CARTEL-AS-02
WRK-UP-003303,1,A1_DUPLICATE_WORK,NONE
WRK-RJ-003304,0,NONE,NONE
WRK-TN-003305,0,NONE,NONE
WRK-MH-003306,0,NONE,NONE
WRK-UP-003307,0,NONE,NONE
WRK-UP-003308,0,NONE,NONE
WRK-RJ-003309,0,NONE,CARTEL-RJ-08
WRK-MH-003310,0,NONE,NONE
WRK-AS-003311,0,NONE,NONE
WRK-TN-003312,0,NONE,NONE
WRK-TN-003313,0,NONE,NONE
WRK-UP-003314,0,NONE,NONE
WRK-RJ-003315,0,NONE,NONE
WRK-MH-003316,0,NONE,CARTEL-MH-05
WRK-RJ-003317,0,NONE,NONE
WRK-BR-003318,0,NONE,NONE
WRK-TN-003319,1,A3_OVER_RELEASE,NONE
WRK-MH-003320,0,NONE,CARTEL-MH-05
WRK-TN-003321,0,NONE,NONE
WRK-BR-003322,0,NONE,NONE
WRK-MH-003323,0,NONE,NONE
WRK-MH-003324,0,NONE,NONE
WRK-BR-003325,0,NONE,NONE
WRK-TN-003326,0,NONE,NONE
WRK-TN-003327,0,NONE,NONE
WRK-MH-003328,0,NONE,NONE
WRK-MH-003329,0,NONE,NONE
WRK-AS-003330,0,NONE,NONE
WRK-AS-003331,0,NONE,NONE
WRK-RJ-003332,0,NONE,NONE
WRK-RJ-003333,0,NONE,NONE
WRK-MH-003334,0,NONE,NONE
WRK-AS-003335,0,NONE,NONE
WRK-UP-003336,1,A2_COST_INFLATION,NONE
WRK-AS-003337,0,NONE,NONE
WRK-AS-003338,0,NONE,NONE
WRK-UP-003339,0,NONE,NONE
WRK-RJ-003340,0,NONE,NONE
WRK-BR-003341,1,PUPPET_RING,NONE
WRK-TN-003342,0,NONE,NONE
WRK-MH-003343,1,PUPPET_RING,NONE
WRK-MH-003344,0,NONE,CARTEL-MH-06
WRK-RJ-003345,1,A1_DUPLICATE_WORK,CARTEL-UP-11
WRK-AS-003346,0,NONE,NONE
WRK-RJ-003347,0,NONE,NONE
WRK-AS-003348,0,NONE,NONE
WRK-UP-003349,0,NONE,NONE
WRK-UP-003350,0,NONE,NONE
WRK-BR-003351,0,NONE,NONE
WRK-RJ-003352,0,NONE,NONE
WRK-UP-003353,0,NONE,NONE
WRK-UP-003354,0,NONE,NONE
WRK-UP-003355,0,NONE,NONE
WRK-MH-003356,1,A1_DUPLICATE_WORK,CARTEL-UP-11
WRK-RJ-003357,0,NONE,NONE
WRK-MH-003358,0,NONE,NONE
WRK-RJ-003359,0,NONE,NONE
WRK-TN-003360,0,NONE,NONE
WRK-TN-003361,0,NONE,NONE
WRK-MH-003362,0,NONE,NONE
WRK-MH-003363,0,NONE,CARTEL-MH-05
WRK-MH-003364,0,NONE,NONE
WRK-RJ-003365,0,NONE,CARTEL-RJ-07
WRK-BR-003366,0,NONE,CARTEL-BR-04
WRK-AS-003367,0,NONE,CARTEL-AS-01
WRK-TN-003368,0,NONE,NONE
WRK-MH-003369,1,PUPPET_RING,NONE
WRK-MH-003370,0,NONE,NONE
WRK-RJ-003371,0,NONE,NONE
WRK-UP-003372,0,NONE,NONE
WRK-BR-003373,1,PUPPET_RING,NONE
WRK-AS-003374,0,NONE,NONE
WRK-BR-003375,0,NONE,NONE
WRK-BR-003376,0,NONE,NONE
WRK-RJ-003377,0,NONE,NONE
WRK-AS-003378,0,NONE,NONE
WRK-MH-003379,0,NONE,NONE
WRK-AS-003380,0,NONE,NONE
WRK-RJ-003381,0,NONE,NONE
WRK-MH-003382,0,NONE,CARTEL-MH-05
WRK-TN-003383,0,NONE,NONE
WRK-AS-003384,0,NONE,NONE
WRK-MH-003385,0,NONE,NONE
WRK-TN-003386,0,NONE,NONE
WRK-BR-003387,1,PUPPET_RING,NONE
WRK-BR-003388,1,PUPPET_RING,NONE
WRK-TN-003389,0,NONE,NONE
WRK-TN-003390,0,NONE,NONE
WRK-TN-003391,0,NONE,NONE
WRK-AS-003392,0,NONE,NONE
WRK-UP-003393,0,NONE,NONE
WRK-MH-003394,0,NONE,NONE
WRK-AS-003395,0,NONE,NONE
WRK-MH-003396,0,NONE,NONE
WRK-AS-003397,0,NONE,NONE
WRK-MH-003398,0,NONE,NONE
WRK-BR-003399,0,NONE,NONE
WRK-BR-003400,0,NONE,NONE
WRK-MH-003401,1,PUPPET_RING,NONE
WRK-BR-003402,0,NONE,NONE
WRK-BR-003403,0,NONE,NONE
WRK-TN-003404,0,NONE,NONE
WRK-MH-003405,0,NONE,CARTEL-MH-05
WRK-TN-003406,1,PUPPET_RING,NONE
WRK-MH-003407,0,NONE,NONE
WRK-AS-003408,0,NONE,NONE
WRK-MH-003409,0,NONE,NONE
WRK-RJ-003410,0,NONE,NONE
WRK-TN-003411,0,NONE,NONE
WRK-UP-003412,0,NONE,CARTEL-UP-11
WRK-BR-003413,0,NONE,NONE
WRK-UP-003414,0,NONE,NONE
WRK-RJ-003415,0,NONE,NONE
WRK-BR-003416,0,NONE,NONE
WRK-UP-003417,0,NONE,NONE
WRK-TN-003418,0,NONE,NONE
WRK-TN-003419,0,NONE,NONE
WRK-AS-003420,0,NONE,NONE
WRK-RJ-003421,0,NONE,NONE
WRK-AS-003422,0,NONE,CARTEL-AS-01
WRK-AS-003423,0,NONE,NONE
WRK-BR-003424,0,NONE,CARTEL-BR-03
WRK-MH-003425,0,NONE,NONE
WRK-UP-003426,0,NONE,NONE
WRK-BR-003427,0,NONE,NONE
WRK-AS-003428,0,NONE,NONE
WRK-TN-003429,0,NONE,NONE
WRK-TN-003430,0,NONE,NONE
WRK-RJ-003431,0,NONE,NONE
WRK-TN-003432,0,NONE,NONE
WRK-BR-003433,0,NONE,CARTEL-BR-03
WRK-BR-003434,1,A1_DUPLICATE_WORK,NONE
WRK-TN-003435,0,NONE,NONE
WRK-MH-003436,0,NONE,NONE
WRK-UP-003437,0,NONE,NONE
WRK-TN-003438,0,NONE,NONE
WRK-TN-003439,0,NONE,NONE
WRK-MH-003440,1,A5_SPEED_FRAUD,NONE
WRK-AS-003441,0,NONE,NONE
WRK-UP-003442,0,NONE,NONE
WRK-UP-003443,0,NONE,NONE
WRK-UP-003444,0,NONE,NONE
WRK-MH-003445,0,NONE,NONE
WRK-BR-003446,0,NONE,NONE
WRK-TN-003447,0,NONE,NONE
WRK-RJ-003448,0,NONE,NONE
WRK-RJ-003449,0,NONE,NONE
WRK-MH-003450,0,NONE,NONE
WRK-MH-003451,0,NONE,NONE
WRK-UP-003452,1,A5_SPEED_FRAUD,NONE
WRK-TN-003453,0,NONE,NONE
WRK-RJ-003454,0,NONE,NONE
WRK-RJ-003455,0,NONE,NONE
WRK-AS-003456,0,NONE,NONE
WRK-AS-003457,0,NONE,NONE
WRK-BR-003458,0,NONE,NONE
WRK-TN-003459,1,PUPPET_RING,CARTEL-TN-10
WRK-UP-003460,0,NONE,NONE
WRK-RJ-003461,0,NONE,NONE
WRK-RJ-003462,0,NONE,NONE
WRK-AS-003463,0,NONE,NONE
WRK-TN-003464,1,PUPPET_RING,NONE
WRK-BR-003465,0,NONE,NONE
WRK-AS-003466,0,NONE,NONE
WRK-AS-003467,0,NONE,NONE
WRK-UP-003468,0,NONE,CARTEL-UP-11
WRK-MH-003469,0,NONE,CARTEL-MH-05
WRK-TN-003470,0,NONE,NONE
WRK-BR-003471,0,NONE,NONE
WRK-RJ-003472,0,NONE,NONE
WRK-MH-003473,0,NONE,NONE
WRK-RJ-003474,0,NONE,NONE
WRK-AS-003475,0,NONE,NONE
WRK-UP-003476,0,NONE,CARTEL-UP-11
WRK-TN-003477,0,NONE,NONE
WRK-TN-003478,1,PUPPET_RING,NONE
WRK-TN-003479,1,PUPPET_RING,NONE
WRK-MH-003480,0,NONE,CARTEL-MH-05
WRK-RJ-003481,0,NONE,CARTEL-RJ-08
WRK-AS-003482,0,NONE,NONE
WRK-AS-003483,0,NONE,CARTEL-AS-02
WRK-UP-003484,0,NONE,CARTEL-UP-11
WRK-UP-003485,1,A1_DUPLICATE_WORK,CARTEL-UP-11
WRK-BR-003486,0,NONE,NONE
WRK-UP-003487,0,NONE,CARTEL-UP-11
WRK-BR-003488,0,NONE,NONE
WRK-TN-003489,0,NONE,NONE
WRK-AS-003490,0,NONE,CARTEL-AS-01
WRK-UP-003491,1,A5_SPEED_FRAUD,NONE
WRK-TN-003492,0,NONE,NONE
WRK-MH-003493,0,NONE,NONE
WRK-BR-003494,1,PUPPET_RING,NONE
WRK-RJ-003495,0,NONE,CARTEL-RJ-08
WRK-RJ-003496,0,NONE,NONE
WRK-MH-003497,0,NONE,NONE
WRK-RJ-003498,0,NONE,CARTEL-RJ-08
WRK-TN-003499,0,NONE,NONE
WRK-AS-003500,0,NONE,NONE
WRK-TN-003501,0,NONE,CARTEL-TN-10
WRK-RJ-003502,0,NONE,NONE
WRK-BR-003503,0,NONE,NONE
WRK-BR-003504,0,NONE,NONE
WRK-UP-003505,0,NONE,NONE
WRK-AS-003506,0,NONE,NONE
WRK-UP-003507,0,NONE,NONE
WRK-RJ-003508,0,NONE,NONE
WRK-BR-003509,0,NONE,NONE
WRK-AS-003510,0,NONE,NONE
WRK-MH-003511,0,NONE,NONE
WRK-TN-003512,0,NONE,NONE
WRK-MH-003513,0,NONE,CARTEL-MH-05
WRK-RJ-003514,0,NONE,CARTEL-RJ-07
WRK-TN-003515,0,NONE,NONE
WRK-TN-003516,0,NONE,NONE
WRK-MH-003517,0,NONE,NONE
WRK-MH-003518,0,NONE,NONE
WRK-TN-003519,0,NONE,NONE
WRK-MH-003520,0,NONE,NONE
WRK-BR-003521,0,NONE,NONE
WRK-MH-003522,1,PUPPET_RING,NONE
WRK-MH-003523,1,A3_OVER_RELEASE,NONE
WRK-RJ-003524,0,NONE,NONE
WRK-RJ-003525,0,NONE,NONE
WRK-UP-003526,0,NONE,NONE
WRK-UP-003527,0,NONE,NONE
WRK-TN-003528,1,PUPPET_RING,NONE
WRK-TN-003529,0,NONE,NONE
WRK-BR-003530,1,A1_DUPLICATE_WORK,NONE
WRK-MH-003531,1,PUPPET_RING,CARTEL-MH-06
WRK-BR-003532,0,NONE,NONE
WRK-BR-003533,0,NONE,NONE
WRK-AS-003534,0,NONE,NONE
WRK-AS-003535,0,NONE,CARTEL-AS-02
WRK-BR-003536,0,NONE,NONE
WRK-MH-003537,0,NONE,NONE
WRK-TN-003538,0,NONE,NONE
WRK-TN-003539,0,NONE,NONE
WRK-BR-003540,0,NONE,CARTEL-BR-03
WRK-RJ-003541,0,NONE,NONE
WRK-MH-003542,0,NONE,NONE
WRK-MH-003543,0,NONE,NONE
WRK-BR-003544,0,NONE,CARTEL-BR-03
WRK-RJ-003545,0,NONE,NONE
WRK-BR-003546,0,NONE,NONE
WRK-MH-003547,0,NONE,CARTEL-MH-05
WRK-BR-003548,0,NONE,NONE
WRK-UP-003549,0,NONE,NONE
WRK-UP-003550,0,NONE,NONE
WRK-AS-003551,0,NONE,CARTEL-AS-02
WRK-MH-003552,0,NONE,CARTEL-MH-05
WRK-MH-003553,0,NONE,NONE
WRK-UP-003554,0,NONE,NONE
WRK-MH-003555,0,NONE,CARTEL-MH-06
WRK-MH-003556,0,NONE,NONE
WRK-AS-003557,0,NONE,NONE
WRK-AS-003558,0,NONE,NONE
WRK-RJ-003559,0,NONE,NONE
WRK-UP-003560,0,NONE,NONE
WRK-AS-003561,0,NONE,NONE
WRK-UP-003562,0,NONE,NONE
WRK-AS-003563,1,A2_COST_INFLATION,NONE
WRK-MH-003564,1,PUPPET_RING,NONE
WRK-UP-003565,0,NONE,CARTEL-UP-11
WRK-MH-003566,0,NONE,CARTEL-MH-05
WRK-AS-003567,1,A5_SPEED_FRAUD,NONE
WRK-BR-003568,0,NONE,CARTEL-BR-04
WRK-UP-003569,0,NONE,NONE
WRK-BR-003570,0,NONE,NONE
WRK-AS-003571,0,NONE,NONE
WRK-AS-003572,0,NONE,NONE
WRK-RJ-003573,0,NONE,NONE
WRK-RJ-003574,0,NONE,NONE
WRK-BR-003575,0,NONE,NONE
WRK-RJ-003576,0,NONE,NONE
WRK-UP-003577,0,NONE,NONE
WRK-UP-003578,0,NONE,NONE
WRK-UP-003579,0,NONE,NONE
WRK-AS-003580,0,NONE,NONE
WRK-TN-003581,0,NONE,NONE
WRK-RJ-003582,0,NONE,CARTEL-RJ-08
WRK-RJ-003583,0,NONE,NONE
WRK-AS-003584,0,NONE,NONE
WRK-RJ-003585,0,NONE,NONE
WRK-AS-003586,0,NONE,NONE
WRK-RJ-003587,0,NONE,NONE
WRK-RJ-003588,0,NONE,NONE
WRK-MH-003589,0,NONE,NONE
WRK-AS-003590,0,NONE,NONE
WRK-MH-003591,0,NONE,NONE
WRK-BR-003592,0,NONE,NONE
WRK-BR-003593,0,NONE,NONE
WRK-TN-003594,0,NONE,NONE
WRK-BR-003595,1,A2_COST_INFLATION,NONE
WRK-UP-003596,1,A5_SPEED_FRAUD,NONE
WRK-UP-003597,0,NONE,NONE
WRK-RJ-003598,0,NONE,NONE
WRK-MH-003599,0,NONE,NONE
WRK-AS-003600,0,NONE,NONE
WRK-MH-003601,0,NONE,NONE
WRK-AS-003602,0,NONE,NONE
WRK-MH-003603,1,A2_COST_INFLATION,NONE
WRK-AS-003604,0,NONE,NONE
WRK-BR-003605,0,NONE,NONE
WRK-RJ-003606,0,NONE,NONE
WRK-MH-003607,0,NONE,NONE
WRK-RJ-003608,0,NONE,NONE
WRK-BR-003609,0,NONE,NONE
WRK-TN-003610,0,NONE,NONE
WRK-TN-003611,0,NONE,NONE
WRK-BR-003612,0,NONE,NONE
WRK-MH-003613,0,NONE,CARTEL-MH-05
WRK-MH-003614,0,NONE,NONE
WRK-MH-003615,0,NONE,NONE
WRK-RJ-003616,0,NONE,NONE
WRK-BR-003617,0,NONE,NONE
WRK-MH-003618,0,NONE,NONE
WRK-RJ-003619,0,NONE,NONE
WRK-UP-003620,0,NONE,NONE
WRK-TN-003621,0,NONE,NONE
WRK-UP-003622,0,NONE,NONE
WRK-MH-003623,0,NONE,NONE
WRK-UP-003624,0,NONE,NONE
WRK-BR-003625,1,PUPPET_RING,NONE
WRK-UP-003626,0,NONE,NONE
WRK-BR-003627,0,NONE,NONE
WRK-TN-003628,0,NONE,NONE
WRK-UP-003629,0,NONE,NONE
WRK-BR-003630,0,NONE,NONE
WRK-BR-003631,0,NONE,CARTEL-BR-03
WRK-BR-003632,0,NONE,NONE
WRK-TN-003633,0,NONE,NONE
WRK-BR-003634,0,NONE,NONE
WRK-MH-003635,0,NONE,NONE
WRK-BR-003636,0,NONE,CARTEL-BR-03
WRK-UP-003637,0,NONE,NONE
WRK-TN-003638,0,NONE,NONE
WRK-UP-003639,0,NONE,NONE
WRK-AS-003640,0,NONE,NONE
WRK-MH-003641,0,NONE,NONE
WRK-TN-003642,0,NONE,NONE
WRK-AS-003643,0,NONE,NONE
WRK-RJ-003644,0,NONE,NONE
WRK-UP-003645,0,NONE,NONE
WRK-RJ-003646,0,NONE,NONE
WRK-TN-003647,0,NONE,NONE
WRK-UP-003648,0,NONE,NONE
WRK-UP-003649,0,NONE,NONE
WRK-AS-003650,0,NONE,CARTEL-AS-02
WRK-BR-003651,0,NONE,NONE
WRK-RJ-003652,0,NONE,NONE
WRK-RJ-003653,0,NONE,NONE
WRK-UP-003654,0,NONE,NONE
WRK-AS-003655,0,NONE,NONE
WRK-UP-003656,0,NONE,NONE
WRK-MH-003657,0,NONE,NONE
WRK-RJ-003658,0,NONE,NONE
WRK-MH-003659,0,NONE,NONE
WRK-AS-003660,0,NONE,NONE
WRK-MH-003661,0,NONE,NONE
WRK-RJ-003662,0,NONE,NONE
WRK-UP-003663,1,A5_SPEED_FRAUD,NONE
WRK-RJ-003664,0,NONE,NONE
WRK-AS-003665,0,NONE,NONE
WRK-MH-003666,0,NONE,NONE
WRK-MH-003667,1,A1_DUPLICATE_WORK,CARTEL-MH-05
WRK-RJ-003668,0,NONE,NONE
WRK-RJ-003669,0,NONE,NONE
WRK-BR-003670,0,NONE,NONE
WRK-AS-003671,0,NONE,NONE
WRK-AS-003672,0,NONE,CARTEL-AS-01
WRK-UP-003673,0,NONE,NONE
WRK-BR-003674,1,PUPPET_RING,NONE
WRK-AS-003675,0,NONE,NONE
WRK-MH-003676,0,NONE,NONE
WRK-AS-003677,0,NONE,NONE
WRK-RJ-003678,0,NONE,NONE
WRK-RJ-003679,0,NONE,NONE
WRK-UP-003680,0,NONE,NONE
WRK-RJ-003681,0,NONE,NONE
WRK-UP-003682,0,NONE,NONE
WRK-MH-003683,0,NONE,NONE
WRK-MH-003684,0,NONE,NONE
WRK-TN-003685,1,A2_COST_INFLATION,CARTEL-TN-09
WRK-MH-003686,0,NONE,NONE
WRK-UP-003687,1,A5_SPEED_FRAUD,NONE
WRK-UP-003688,0,NONE,NONE
WRK-UP-003689,0,NONE,NONE
WRK-UP-003690,0,NONE,NONE
WRK-BR-003691,0,NONE,NONE
WRK-TN-003692,1,PUPPET_RING,CARTEL-TN-09
WRK-MH-003693,0,NONE,NONE
WRK-BR-003694,0,NONE,NONE
WRK-RJ-003695,0,NONE,NONE
WRK-RJ-003696,0,NONE,NONE
WRK-MH-003697,0,NONE,CARTEL-MH-05
WRK-AS-003698,0,NONE,NONE
WRK-AS-003699,0,NONE,NONE
WRK-BR-003700,0,NONE,NONE
WRK-UP-003701,0,NONE,NONE
WRK-TN-003702,0,NONE,CARTEL-TN-10
WRK-BR-003703,0,NONE,NONE
WRK-AS-003704,0,NONE,NONE
WRK-TN-003705,0,NONE,NONE
WRK-UP-003706,0,NONE,CARTEL-UP-11
WRK-RJ-003707,0,NONE,NONE
WRK-UP-003708,0,NONE,NONE
WRK-MH-003709,0,NONE,NONE
WRK-BR-003710,0,NONE,NONE
WRK-MH-003711,0,NONE,NONE
WRK-MH-003712,0,NONE,NONE
WRK-MH-003713,0,NONE,NONE
WRK-BR-003714,0,NONE,CARTEL-BR-03
WRK-UP-003715,0,NONE,CARTEL-UP-11
WRK-UP-003716,0,NONE,NONE
WRK-RJ-003717,0,NONE,NONE
WRK-UP-003718,0,NONE,NONE
WRK-UP-003719,0,NONE,CARTEL-UP-11
WRK-TN-003720,0,NONE,CARTEL-TN-09
WRK-BR-003721,0,NONE,NONE
WRK-TN-003722,0,NONE,NONE
WRK-UP-003723,0,NONE,NONE
WRK-RJ-003724,0,NONE,NONE
WRK-RJ-003725,0,NONE,NONE
WRK-UP-003726,1,A5_SPEED_FRAUD,NONE
WRK-RJ-003727,0,NONE,NONE
WRK-MH-003728,0,NONE,NONE
WRK-BR-003729,0,NONE,CARTEL-BR-04
WRK-AS-003730,0,NONE,NONE
WRK-MH-003731,0,NONE,NONE
WRK-MH-003732,0,NONE,CARTEL-MH-05
WRK-TN-003733,0,NONE,NONE
WRK-AS-003734,0,NONE,NONE
WRK-RJ-003735,0,NONE,NONE
WRK-RJ-003736,0,NONE,CARTEL-RJ-07
WRK-RJ-003737,0,NONE,NONE
WRK-AS-003738,0,NONE,NONE
WRK-RJ-003739,0,NONE,CARTEL-RJ-07
WRK-TN-003740,0,NONE,NONE
WRK-RJ-003741,0,NONE,CARTEL-RJ-08
WRK-TN-003742,0,NONE,NONE
WRK-RJ-003743,0,NONE,NONE
WRK-UP-003744,0,NONE,NONE
WRK-RJ-003745,0,NONE,NONE
WRK-AS-003746,0,NONE,NONE
WRK-TN-003747,0,NONE,NONE
WRK-AS-003748,0,NONE,NONE
WRK-AS-003749,0,NONE,NONE
WRK-AS-003750,0,NONE,CARTEL-AS-02
WRK-BR-003751,0,NONE,NONE
WRK-MH-003752,0,NONE,NONE
WRK-MH-003753,0,NONE,NONE
WRK-TN-003754,0,NONE,NONE
WRK-RJ-003755,0,NONE,NONE
WRK-RJ-003756,0,NONE,NONE
WRK-AS-003757,0,NONE,NONE
WRK-TN-003758,0,NONE,NONE
WRK-TN-003759,1,PUPPET_RING,NONE
WRK-BR-003760,0,NONE,NONE
WRK-BR-003761,0,NONE,NONE
WRK-TN-003762,0,NONE,NONE
WRK-BR-003763,0,NONE,NONE
WRK-MH-003764,0,NONE,NONE
WRK-UP-003765,0,NONE,NONE
WRK-RJ-003766,0,NONE,CARTEL-RJ-08
WRK-AS-003767,0,NONE,NONE
WRK-UP-003768,0,NONE,NONE
WRK-UP-003769,0,NONE,NONE
WRK-BR-003770,0,NONE,NONE
WRK-UP-003771,0,NONE,NONE
WRK-RJ-003772,0,NONE,NONE
WRK-TN-003773,0,NONE,NONE
WRK-RJ-003774,0,NONE,NONE
WRK-AS-003775,0,NONE,CARTEL-AS-01
WRK-AS-003776,1,A5_SPEED_FRAUD,NONE
WRK-RJ-003777,1,A3_OVER_RELEASE,NONE
WRK-RJ-003778,0,NONE,CARTEL-RJ-07
WRK-BR-003779,0,NONE,NONE
WRK-RJ-003780,0,NONE,NONE
WRK-AS-003781,0,NONE,NONE
WRK-UP-003782,0,NONE,NONE
WRK-AS-003783,0,NONE,NONE
WRK-TN-003784,0,NONE,NONE
WRK-UP-003785,0,NONE,NONE
WRK-MH-003786,0,NONE,CARTEL-MH-05
WRK-TN-003787,0,NONE,NONE
WRK-UP-003788,0,NONE,NONE
WRK-TN-003789,0,NONE,NONE
WRK-TN-003790,0,NONE,NONE
WRK-AS-003791,0,NONE,NONE
WRK-AS-003792,0,NONE,NONE
WRK-RJ-003793,0,NONE,NONE
WRK-AS-003794,0,NONE,NONE
WRK-MH-003795,0,NONE,NONE
WRK-BR-003796,0,NONE,NONE
WRK-RJ-003797,0,NONE,NONE
WRK-RJ-003798,0,NONE,NONE
WRK-AS-003799,0,NONE,NONE
WRK-AS-003800,0,NONE,NONE
WRK-MH-003801,0,NONE,NONE
WRK-MH-003802,0,NONE,NONE
WRK-UP-003803,1,A1_DUPLICATE_WORK,NONE
WRK-UP-003804,0,NONE,NONE
WRK-UP-003805,0,NONE,NONE
WRK-AS-003806,0,NONE,NONE
WRK-UP-003807,0,NONE,NONE
WRK-MH-003808,0,NONE,NONE
WRK-AS-003809,1,A3_OVER_RELEASE,CARTEL-AS-01
WRK-UP-003810,0,NONE,NONE
WRK-AS-003811,0,NONE,NONE
WRK-UP-003812,0,NONE,NONE
WRK-RJ-003813,0,NONE,NONE
WRK-AS-003814,0,NONE,NONE
WRK-BR-003815,0,NONE,NONE
WRK-RJ-003816,0,NONE,NONE
WRK-RJ-003817,0,NONE,NONE
WRK-MH-003818,1,PUPPET_RING,NONE
WRK-UP-003819,0,NONE,NONE
WRK-BR-003820,0,NONE,NONE
WRK-MH-003821,0,NONE,NONE
WRK-BR-003822,0,NONE,NONE
WRK-MH-003823,0,NONE,NONE
WRK-BR-003824,1,PUPPET_RING,NONE
WRK-AS-003825,0,NONE,NONE
WRK-UP-003826,0,NONE,NONE
WRK-TN-003827,1,PUPPET_RING,NONE
WRK-MH-003828,0,NONE,NONE
WRK-AS-003829,0,NONE,NONE
WRK-TN-003830,0,NONE,CARTEL-TN-10
WRK-AS-003831,0,NONE,NONE
WRK-TN-003832,0,NONE,NONE
WRK-TN-003833,0,NONE,CARTEL-TN-09
WRK-UP-003834,0,NONE,NONE
WRK-MH-003835,0,NONE,NONE
WRK-RJ-003836,0,NONE,NONE
WRK-BR-003837,0,NONE,NONE
WRK-UP-003838,0,NONE,NONE
WRK-AS-003839,0,NONE,NONE
WRK-TN-003840,1,A2_COST_INFLATION,NONE
WRK-UP-003841,0,NONE,NONE
WRK-AS-003842,0,NONE,NONE
WRK-AS-003843,0,NONE,NONE
WRK-MH-003844,0,NONE,NONE
WRK-AS-003845,0,NONE,NONE
WRK-RJ-003846,1,A3_OVER_RELEASE,NONE
WRK-BR-003847,0,NONE,CARTEL-BR-04
WRK-AS-003848,0,NONE,NONE
WRK-RJ-003849,0,NONE,NONE
WRK-AS-003850,0,NONE,NONE
WRK-AS-003851,0,NONE,NONE
WRK-BR-003852,0,NONE,NONE
WRK-AS-003853,0,NONE,NONE
WRK-TN-003854,0,NONE,NONE
WRK-AS-003855,0,NONE,CARTEL-AS-02
WRK-AS-003856,0,NONE,NONE
WRK-BR-003857,1,PUPPET_RING,NONE
WRK-AS-003858,0,NONE,NONE
WRK-RJ-003859,0,NONE,NONE
WRK-TN-003860,1,PUPPET_RING,NONE
WRK-MH-003861,0,NONE,NONE
WRK-RJ-003862,0,NONE,NONE
WRK-MH-003863,0,NONE,CARTEL-MH-06
WRK-RJ-003864,0,NONE,CARTEL-RJ-07
WRK-UP-003865,0,NONE,CARTEL-UP-11
WRK-TN-003866,0,NONE,NONE
WRK-MH-003867,0,NONE,NONE
WRK-RJ-003868,0,NONE,NONE
WRK-UP-003869,1,A2_COST_INFLATION,NONE
WRK-MH-003870,0,NONE,NONE
WRK-AS-003871,0,NONE,NONE
WRK-TN-003872,0,NONE,NONE
WRK-AS-003873,0,NONE,NONE
WRK-BR-003874,0,NONE,NONE
WRK-AS-003875,0,NONE,NONE
WRK-MH-003876,0,NONE,NONE
WRK-TN-003877,0,NONE,NONE
WRK-MH-003878,0,NONE,NONE
WRK-UP-003879,0,NONE,NONE
WRK-AS-003880,0,NONE,NONE
WRK-BR-003881,0,NONE,NONE
WRK-MH-003882,0,NONE,NONE
WRK-TN-003883,0,NONE,NONE
WRK-BR-003884,0,NONE,NONE
WRK-AS-003885,0,NONE,NONE
WRK-BR-003886,0,NONE,NONE
WRK-TN-003887,0,NONE,NONE
WRK-UP-003888,0,NONE,NONE
WRK-MH-003889,0,NONE,NONE
WRK-UP-003890,0,NONE,NONE
WRK-UP-003891,0,NONE,NONE
WRK-TN-003892,0,NONE,NONE
WRK-BR-003893,0,NONE,CARTEL-BR-04
WRK-BR-003894,0,NONE,NONE
WRK-TN-003895,0,NONE,CARTEL-TN-10
WRK-BR-003896,1,PUPPET_RING,NONE
WRK-UP-003897,0,NONE,NONE
WRK-UP-003898,0,NONE,NONE
WRK-UP-003899,0,NONE,NONE
WRK-MH-003900,0,NONE,NONE
WRK-AS-003901,0,NONE,NONE
WRK-RJ-003902,0,NONE,NONE
WRK-UP-003903,1,A3_OVER_RELEASE,NONE
WRK-UP-003904,0,NONE,NONE
WRK-TN-003905,0,NONE,NONE
WRK-AS-003906,0,NONE,NONE
WRK-TN-003907,0,NONE,NONE
WRK-MH-003908,1,PUPPET_RING,NONE
WRK-BR-003909,0,NONE,NONE
WRK-BR-003910,1,PUPPET_RING,NONE
WRK-RJ-003911,0,NONE,CARTEL-RJ-08
WRK-BR-003912,0,NONE,NONE
WRK-RJ-003913,0,NONE,NONE
WRK-BR-003914,0,NONE,NONE
WRK-UP-003915,0,NONE,NONE
WRK-RJ-003916,0,NONE,NONE
WRK-BR-003917,1,PUPPET_RING,NONE
WRK-BR-003918,0,NONE,NONE
WRK-UP-003919,0,NONE,NONE
WRK-RJ-003920,0,NONE,NONE
WRK-TN-003921,0,NONE,NONE
WRK-MH-003922,0,NONE,CARTEL-MH-05
WRK-MH-003923,0,NONE,NONE
WRK-RJ-003924,0,NONE,NONE
WRK-UP-003925,0,NONE,NONE
WRK-UP-003926,0,NONE,NONE
WRK-RJ-003927,0,NONE,NONE
WRK-MH-003928,0,NONE,NONE
WRK-MH-003929,0,NONE,NONE
WRK-RJ-003930,0,NONE,CARTEL-RJ-08
WRK-AS-003931,0,NONE,NONE
WRK-AS-003932,0,NONE,NONE
WRK-AS-003933,0,NONE,NONE
WRK-BR-003934,1,A3_OVER_RELEASE,NONE
WRK-BR-003935,1,PUPPET_RING,NONE
WRK-MH-003936,0,NONE,NONE
WRK-TN-003937,0,NONE,NONE
WRK-BR-003938,0,NONE,NONE
WRK-RJ-003939,0,NONE,NONE
WRK-MH-003940,0,NONE,CARTEL-MH-05
WRK-AS-003941,0,NONE,NONE
WRK-MH-003942,0,NONE,NONE
WRK-BR-003943,1,PUPPET_RING,NONE
WRK-UP-003944,0,NONE,NONE
WRK-MH-003945,0,NONE,NONE
WRK-MH-003946,0,NONE,NONE
WRK-RJ-003947,0,NONE,NONE
WRK-BR-003948,0,NONE,NONE
WRK-UP-003949,0,NONE,CARTEL-UP-11
WRK-UP-003950,0,NONE,NONE
WRK-BR-003951,0,NONE,NONE
WRK-MH-003952,1,A3_OVER_RELEASE,NONE
WRK-TN-003953,0,NONE,NONE
WRK-TN-003954,1,A2_COST_INFLATION,NONE
WRK-UP-003955,0,NONE,NONE
WRK-AS-003956,0,NONE,NONE
WRK-BR-003957,0,NONE,CARTEL-BR-04
WRK-TN-003958,1,PUPPET_RING,CARTEL-TN-10
WRK-UP-003959,0,NONE,NONE
WRK-RJ-003960,0,NONE,NONE
WRK-TN-003961,0,NONE,NONE
WRK-BR-003962,0,NONE,NONE
WRK-UP-003963,0,NONE,NONE
WRK-MH-003964,0,NONE,NONE
WRK-BR-003965,0,NONE,NONE
WRK-AS-003966,0,NONE,NONE
WRK-BR-003967,1,PUPPET_RING,NONE
WRK-AS-003968,0,NONE,CARTEL-AS-02
WRK-MH-003969,0,NONE,NONE
WRK-AS-003970,0,NONE,NONE
WRK-BR-003971,0,NONE,NONE
WRK-AS-003972,0,NONE,CARTEL-AS-01
WRK-TN-003973,0,NONE,NONE
WRK-TN-003974,0,NONE,NONE
WRK-BR-003975,0,NONE,NONE
WRK-MH-003976,0,NONE,NONE
WRK-RJ-003977,0,NONE,NONE
WRK-AS-003978,0,NONE,NONE
WRK-MH-003979,0,NONE,CARTEL-MH-06
WRK-UP-003980,0,NONE,NONE
WRK-RJ-003981,0,NONE,NONE
WRK-RJ-003982,0,NONE,NONE
WRK-BR-003983,0,NONE,NONE
WRK-TN-003984,0,NONE,NONE
WRK-TN-003985,0,NONE,NONE
WRK-BR-003986,0,NONE,NONE
WRK-RJ-003987,0,NONE,NONE
WRK-MH-003988,1,A3_OVER_RELEASE,NONE
WRK-BR-003989,1,PUPPET_RING,NONE
WRK-UP-003990,0,NONE,NONE
WRK-AS-003991,0,NONE,NONE
WRK-AS-003992,0,NONE,NONE
WRK-TN-003993,0,NONE,NONE
WRK-AS-003994,0,NONE,NONE
WRK-AS-003995,0,NONE,NONE
WRK-MH-003996,0,NONE,NONE
WRK-BR-003997,0,NONE,NONE
WRK-MH-003998,0,NONE,NONE
WRK-TN-003999,0,NONE,NONE
WRK-BR-004000,1,PUPPET_RING,NONE
WRK-UP-004001,0,NONE,NONE
WRK-TN-004002,1,PUPPET_RING,NONE
WRK-TN-004003,0,NONE,NONE
WRK-UP-004004,0,NONE,CARTEL-UP-11
WRK-BR-004005,0,NONE,NONE
WRK-UP-004006,0,NONE,NONE
WRK-RJ-004007,0,NONE,NONE
WRK-TN-004008,0,NONE,NONE
WRK-BR-004009,0,NONE,CARTEL-BR-04
WRK-RJ-004010,0,NONE,NONE
WRK-RJ-004011,0,NONE,NONE
WRK-AS-004012,0,NONE,CARTEL-AS-01
WRK-MH-004013,0,NONE,NONE
WRK-TN-004014,0,NONE,NONE
WRK-UP-004015,0,NONE,NONE
WRK-RJ-004016,0,NONE,NONE
WRK-TN-004017,0,NONE,NONE
WRK-BR-004018,0,NONE,CARTEL-BR-04
WRK-UP-004019,0,NONE,NONE
WRK-BR-004020,1,PUPPET_RING,NONE
WRK-MH-004021,0,NONE,NONE
WRK-TN-004022,0,NONE,NONE
WRK-UP-004023,0,NONE,NONE
WRK-RJ-004024,0,NONE,NONE
WRK-BR-004025,0,NONE,NONE
WRK-TN-004026,0,NONE,NONE
WRK-MH-004027,0,NONE,NONE
WRK-MH-004028,0,NONE,NONE
WRK-TN-004029,0,NONE,NONE
WRK-MH-004030,1,A1_DUPLICATE_WORK,NONE
WRK-TN-004031,0,NONE,NONE
WRK-UP-004032,0,NONE,NONE
WRK-MH-004033,0,NONE,NONE
WRK-BR-004034,0,NONE,NONE
WRK-RJ-004035,0,NONE,NONE
WRK-TN-004036,0,NONE,NONE
WRK-UP-004037,0,NONE,NONE
WRK-RJ-004038,0,NONE,CARTEL-RJ-08
WRK-AS-004039,1,A2_COST_INFLATION,NONE
WRK-UP-004040,0,NONE,NONE
WRK-AS-004041,0,NONE,NONE
WRK-MH-004042,0,NONE,NONE
WRK-MH-004043,0,NONE,NONE
WRK-UP-004044,1,A2_COST_INFLATION,CARTEL-UP-11
WRK-TN-004045,0,NONE,NONE
WRK-TN-004046,0,NONE,NONE
WRK-MH-004047,0,NONE,NONE
WRK-BR-004048,0,NONE,NONE
WRK-RJ-004049,0,NONE,NONE
WRK-AS-004050,0,NONE,CARTEL-AS-01
WRK-RJ-004051,0,NONE,CARTEL-RJ-08
WRK-TN-004052,0,NONE,CARTEL-TN-09
WRK-UP-004053,0,NONE,NONE
WRK-MH-004054,0,NONE,NONE
WRK-UP-004055,0,NONE,NONE
WRK-TN-004056,0,NONE,NONE
WRK-UP-004057,0,NONE,NONE
WRK-MH-004058,0,NONE,NONE
WRK-AS-004059,0,NONE,NONE
WRK-MH-004060,0,NONE,NONE
WRK-RJ-004061,0,NONE,NONE
WRK-BR-004062,0,NONE,NONE
WRK-TN-004063,0,NONE,NONE
WRK-UP-004064,0,NONE,NONE
WRK-AS-004065,0,NONE,NONE
WRK-AS-004066,0,NONE,NONE
WRK-MH-004067,0,NONE,NONE
WRK-BR-004068,0,NONE,NONE
WRK-TN-004069,0,NONE,NONE
WRK-BR-004070,0,NONE,NONE
WRK-BR-004071,0,NONE,CARTEL-BR-03
WRK-RJ-004072,0,NONE,NONE
WRK-RJ-004073,0,NONE,NONE
WRK-TN-004074,1,PUPPET_RING,CARTEL-TN-10
WRK-AS-004075,0,NONE,NONE
WRK-BR-004076,1,PUPPET_RING,NONE
WRK-BR-004077,0,NONE,NONE
WRK-BR-004078,0,NONE,NONE
WRK-AS-004079,0,NONE,NONE
WRK-AS-004080,0,NONE,NONE
WRK-TN-004081,0,NONE,NONE
WRK-AS-004082,0,NONE,CARTEL-AS-01
WRK-UP-004083,0,NONE,NONE
WRK-AS-004084,0,NONE,NONE
WRK-TN-004085,0,NONE,NONE
WRK-UP-004086,0,NONE,NONE
WRK-RJ-004087,0,NONE,NONE
WRK-RJ-004088,0,NONE,NONE
WRK-TN-004089,0,NONE,NONE
WRK-UP-004090,0,NONE,NONE
WRK-MH-004091,0,NONE,NONE
WRK-AS-004092,0,NONE,NONE
WRK-MH-004093,0,NONE,NONE
WRK-AS-004094,0,NONE,NONE
WRK-TN-004095,1,PUPPET_RING,CARTEL-TN-10
WRK-TN-004096,0,NONE,NONE
WRK-MH-004097,0,NONE,CARTEL-MH-05
WRK-BR-004098,0,NONE,CARTEL-BR-04
WRK-TN-004099,0,NONE,NONE
WRK-RJ-004100,0,NONE,NONE
WRK-UP-004101,1,A1_DUPLICATE_WORK,NONE
WRK-TN-004102,0,NONE,NONE
WRK-TN-004103,1,PUPPET_RING,NONE
WRK-AS-004104,0,NONE,NONE
WRK-RJ-004105,0,NONE,NONE
WRK-TN-004106,1,PUPPET_RING,NONE
WRK-MH-004107,0,NONE,NONE
WRK-AS-004108,0,NONE,NONE
WRK-TN-004109,0,NONE,CARTEL-TN-10
WRK-MH-004110,0,NONE,NONE
WRK-AS-004111,0,NONE,NONE
WRK-TN-004112,0,NONE,NONE
WRK-BR-004113,0,NONE,NONE
WRK-RJ-004114,0,NONE,CARTEL-RJ-07
WRK-TN-004115,0,NONE,NONE
WRK-RJ-004116,0,NONE,NONE
WRK-UP-004117,0,NONE,NONE
WRK-RJ-004118,0,NONE,NONE
WRK-AS-004119,0,NONE,NONE
WRK-RJ-004120,0,NONE,NONE
WRK-AS-004121,0,NONE,NONE
WRK-TN-004122,0,NONE,NONE
WRK-TN-004123,1,PUPPET_RING,CARTEL-TN-09
WRK-UP-004124,0,NONE,NONE
WRK-BR-004125,0,NONE,NONE
WRK-TN-004126,0,NONE,NONE
WRK-TN-004127,0,NONE,NONE
WRK-UP-004128,0,NONE,NONE
WRK-RJ-004129,0,NONE,NONE
WRK-UP-004130,0,NONE,NONE
WRK-RJ-004131,0,NONE,NONE
WRK-BR-004132,0,NONE,NONE
WRK-RJ-004133,0,NONE,CARTEL-RJ-08
WRK-AS-004134,0,NONE,NONE
WRK-RJ-004135,0,NONE,NONE
WRK-RJ-004136,0,NONE,NONE
WRK-AS-004137,0,NONE,NONE
WRK-RJ-004138,0,NONE,NONE
WRK-MH-004139,0,NONE,NONE
WRK-MH-004140,0,NONE,CARTEL-MH-06
WRK-MH-004141,0,NONE,NONE
WRK-BR-004142,0,NONE,NONE
WRK-BR-004143,0,NONE,CARTEL-BR-03
WRK-UP-004144,0,NONE,NONE
WRK-UP-004145,0,NONE,NONE
WRK-RJ-004146,0,NONE,NONE
WRK-MH-004147,0,NONE,NONE
WRK-AS-004148,0,NONE,NONE
WRK-RJ-004149,0,NONE,NONE
WRK-BR-004150,0,NONE,NONE
WRK-RJ-004151,0,NONE,NONE
WRK-AS-004152,1,A3_OVER_RELEASE,NONE
WRK-UP-004153,0,NONE,NONE
WRK-TN-004154,0,NONE,NONE
WRK-UP-004155,0,NONE,NONE
WRK-UP-004156,1,A2_COST_INFLATION,NONE
WRK-MH-004157,1,A3_OVER_RELEASE,CARTEL-MH-05
WRK-UP-004158,0,NONE,NONE
WRK-AS-004159,0,NONE,NONE
WRK-MH-004160,0,NONE,NONE
WRK-MH-004161,0,NONE,NONE
WRK-UP-004162,0,NONE,NONE
WRK-TN-004163,0,NONE,NONE
WRK-AS-004164,0,NONE,NONE
WRK-AS-004165,0,NONE,NONE
WRK-MH-004166,0,NONE,CARTEL-MH-06
WRK-AS-004167,0,NONE,NONE
WRK-UP-004168,0,NONE,NONE
WRK-TN-004169,0,NONE,CARTEL-TN-09
WRK-UP-004170,0,NONE,NONE
WRK-UP-004171,0,NONE,NONE
WRK-TN-004172,1,A3_OVER_RELEASE,NONE
WRK-UP-004173,0,NONE,CARTEL-UP-11
WRK-UP-004174,1,A2_COST_INFLATION,NONE
WRK-TN-004175,0,NONE,NONE
WRK-TN-004176,1,A5_SPEED_FRAUD,NONE
WRK-TN-004177,0,NONE,NONE
WRK-BR-004178,0,NONE,NONE
WRK-BR-004179,0,NONE,NONE
WRK-TN-004180,0,NONE,NONE
WRK-UP-004181,0,NONE,NONE
WRK-BR-004182,0,NONE,NONE
WRK-TN-004183,0,NONE,NONE
WRK-TN-004184,0,NONE,NONE
WRK-BR-004185,0,NONE,CARTEL-BR-04
WRK-RJ-004186,1,A2_COST_INFLATION,CARTEL-RJ-07
WRK-UP-004187,0,NONE,NONE
WRK-RJ-004188,0,NONE,NONE
WRK-UP-004189,0,NONE,CARTEL-UP-11
WRK-AS-004190,0,NONE,NONE
WRK-TN-004191,0,NONE,NONE
WRK-BR-004192,1,PUPPET_RING,NONE
WRK-MH-004193,0,NONE,NONE
WRK-RJ-004194,0,NONE,NONE
WRK-UP-004195,0,NONE,NONE
WRK-AS-004196,0,NONE,NONE
WRK-RJ-004197,0,NONE,NONE
WRK-AS-004198,0,NONE,NONE
WRK-MH-004199,0,NONE,NONE
WRK-UP-004200,0,NONE,NONE
WRK-AS-004201,0,NONE,NONE
WRK-UP-004202,0,NONE,NONE
WRK-TN-004203,0,NONE,NONE
WRK-MH-004204,1,A1_DUPLICATE_WORK,NONE
WRK-TN-004205,0,NONE,NONE
WRK-BR-004206,0,NONE,NONE
WRK-RJ-004207,0,NONE,NONE
WRK-MH-004208,0,NONE,NONE
WRK-TN-004209,0,NONE,NONE
WRK-BR-004210,0,NONE,NONE
WRK-AS-004211,0,NONE,NONE
WRK-RJ-004212,0,NONE,NONE
WRK-BR-004213,1,PUPPET_RING,NONE
WRK-BR-004214,0,NONE,NONE
WRK-AS-004215,0,NONE,NONE
WRK-AS-004216,0,NONE,NONE
WRK-MH-004217,0,NONE,NONE
WRK-AS-004218,1,A1_DUPLICATE_WORK,NONE
WRK-BR-004219,0,NONE,NONE
WRK-RJ-004220,0,NONE,NONE
WRK-MH-004221,0,NONE,NONE
WRK-RJ-004222,0,NONE,NONE
WRK-BR-004223,0,NONE,NONE
WRK-RJ-004224,0,NONE,NONE
WRK-AS-004225,0,NONE,NONE
WRK-MH-004226,0,NONE,NONE
WRK-AS-004227,0,NONE,NONE
WRK-AS-004228,0,NONE,NONE
WRK-TN-004229,0,NONE,NONE
WRK-BR-004230,0,NONE,NONE
WRK-TN-004231,1,PUPPET_RING,CARTEL-TN-09
WRK-MH-004232,0,NONE,NONE
WRK-TN-004233,0,NONE,NONE
WRK-AS-004234,0,NONE,NONE
WRK-MH-004235,0,NONE,CARTEL-MH-06
WRK-BR-004236,0,NONE,NONE
WRK-RJ-004237,0,NONE,NONE
WRK-RJ-004238,0,NONE,CARTEL-RJ-08
WRK-BR-004239,0,NONE,NONE
WRK-TN-004240,0,NONE,NONE
WRK-TN-004241,0,NONE,NONE
WRK-BR-004242,0,NONE,NONE
WRK-UP-004243,0,NONE,NONE
WRK-MH-004244,0,NONE,NONE
WRK-UP-004245,0,NONE,NONE
WRK-TN-004246,0,NONE,CARTEL-TN-10
WRK-MH-004247,1,PUPPET_RING,NONE
WRK-AS-004248,0,NONE,NONE
WRK-AS-004249,0,NONE,NONE
WRK-BR-004250,0,NONE,NONE
WRK-BR-004251,1,PUPPET_RING,NONE
WRK-UP-004252,0,NONE,CARTEL-UP-11
WRK-AS-004253,0,NONE,NONE
WRK-MH-004254,0,NONE,NONE
WRK-TN-004255,0,NONE,NONE
WRK-TN-004256,0,NONE,NONE
WRK-TN-004257,0,NONE,NONE
WRK-BR-004258,0,NONE,NONE
WRK-UP-004259,0,NONE,NONE
WRK-RJ-004260,0,NONE,NONE
WRK-TN-004261,0,NONE,NONE
WRK-RJ-004262,0,NONE,NONE
WRK-RJ-004263,0,NONE,NONE
WRK-BR-004264,0,NONE,NONE
WRK-BR-004265,0,NONE,CARTEL-BR-04
WRK-TN-004266,0,NONE,NONE
WRK-MH-004267,0,NONE,NONE
WRK-RJ-004268,0,NONE,NONE
WRK-MH-004269,0,NONE,NONE
WRK-MH-004270,0,NONE,NONE
WRK-BR-004271,0,NONE,NONE
WRK-TN-004272,1,PUPPET_RING,NONE
WRK-UP-004273,0,NONE,NONE
WRK-RJ-004274,0,NONE,NONE
WRK-UP-004275,0,NONE,CARTEL-UP-11
WRK-AS-004276,0,NONE,NONE
WRK-TN-004277,0,NONE,CARTEL-TN-09
WRK-RJ-004278,1,A2_COST_INFLATION,NONE
WRK-TN-004279,0,NONE,NONE
WRK-RJ-004280,0,NONE,NONE
WRK-AS-004281,0,NONE,NONE
WRK-RJ-004282,0,NONE,NONE
WRK-RJ-004283,0,NONE,NONE
WRK-MH-004284,0,NONE,NONE
WRK-RJ-004285,0,NONE,NONE
WRK-RJ-004286,0,NONE,NONE
WRK-BR-004287,0,NONE,NONE
WRK-TN-004288,1,A5_SPEED_FRAUD,NONE
WRK-MH-004289,0,NONE,NONE
WRK-BR-004290,0,NONE,NONE
WRK-RJ-004291,0,NONE,CARTEL-RJ-08
WRK-TN-004292,0,NONE,NONE
WRK-BR-004293,0,NONE,NONE
WRK-MH-004294,1,A1_DUPLICATE_WORK,CARTEL-MH-05
WRK-MH-004295,0,NONE,NONE
WRK-AS-004296,0,NONE,NONE
WRK-UP-004297,0,NONE,NONE
WRK-AS-004298,0,NONE,NONE
WRK-BR-004299,1,A2_COST_INFLATION,NONE
WRK-RJ-004300,0,NONE,NONE
WRK-TN-004301,0,NONE,CARTEL-TN-10
WRK-RJ-004302,0,NONE,NONE
WRK-BR-004303,0,NONE,NONE
WRK-MH-004304,0,NONE,NONE
WRK-BR-004305,1,PUPPET_RING,NONE
WRK-AS-004306,0,NONE,NONE
WRK-RJ-004307,0,NONE,NONE
WRK-TN-004308,0,NONE,NONE
WRK-UP-004309,0,NONE,NONE
WRK-UP-004310,0,NONE,NONE
WRK-AS-004311,1,A3_OVER_RELEASE,NONE
WRK-AS-004312,0,NONE,NONE
WRK-AS-004313,0,NONE,NONE
WRK-BR-004314,1,PUPPET_RING,NONE
WRK-AS-004315,0,NONE,NONE
WRK-RJ-004316,0,NONE,NONE
WRK-AS-004317,0,NONE,NONE
WRK-MH-004318,0,NONE,NONE
WRK-MH-004319,0,NONE,NONE
WRK-AS-004320,0,NONE,NONE
WRK-TN-004321,0,NONE,CARTEL-TN-10
WRK-RJ-004322,0,NONE,NONE
WRK-RJ-004323,0,NONE,NONE
WRK-UP-004324,0,NONE,NONE
WRK-UP-004325,0,NONE,NONE
WRK-BR-004326,0,NONE,NONE
WRK-MH-004327,1,PUPPET_RING,NONE
WRK-AS-004328,0,NONE,NONE
WRK-AS-004329,0,NONE,NONE
WRK-BR-004330,1,PUPPET_RING,NONE
WRK-BR-004331,0,NONE,CARTEL-BR-03
WRK-UP-004332,0,NONE,NONE
WRK-RJ-004333,0,NONE,NONE
WRK-MH-004334,0,NONE,NONE
WRK-AS-004335,0,NONE,NONE
WRK-TN-004336,0,NONE,NONE
WRK-BR-004337,0,NONE,NONE
WRK-UP-004338,0,NONE,NONE
WRK-RJ-004339,0,NONE,NONE
WRK-RJ-004340,0,NONE,NONE
WRK-RJ-004341,0,NONE,NONE
WRK-RJ-004342,0,NONE,NONE
WRK-MH-004343,0,NONE,NONE
WRK-BR-004344,0,NONE,NONE
WRK-MH-004345,0,NONE,NONE
WRK-UP-004346,0,NONE,NONE
WRK-MH-004347,0,NONE,NONE
WRK-BR-004348,0,NONE,NONE
WRK-RJ-004349,0,NONE,NONE
WRK-UP-004350,0,NONE,NONE
WRK-UP-004351,0,NONE,NONE
WRK-RJ-004352,0,NONE,CARTEL-RJ-08
WRK-UP-004353,0,NONE,NONE
WRK-MH-004354,0,NONE,NONE
WRK-TN-004355,0,NONE,NONE
WRK-UP-004356,0,NONE,CARTEL-UP-11
WRK-UP-004357,0,NONE,NONE
WRK-AS-004358,0,NONE,NONE
WRK-TN-004359,0,NONE,NONE
WRK-RJ-004360,0,NONE,NONE
WRK-MH-004361,0,NONE,NONE
WRK-MH-004362,0,NONE,NONE
WRK-MH-004363,0,NONE,NONE
WRK-RJ-004364,0,NONE,CARTEL-RJ-08
WRK-BR-004365,0,NONE,CARTEL-BR-04
WRK-TN-004366,0,NONE,NONE
WRK-UP-004367,0,NONE,NONE
WRK-TN-004368,0,NONE,NONE
WRK-BR-004369,0,NONE,CARTEL-BR-04
WRK-AS-004370,1,A5_SPEED_FRAUD,NONE
WRK-TN-004371,0,NONE,NONE
WRK-AS-004372,0,NONE,NONE
WRK-UP-004373,0,NONE,NONE
WRK-AS-004374,0,NONE,NONE
WRK-TN-004375,1,PUPPET_RING,CARTEL-TN-09
WRK-UP-004376,0,NONE,NONE
WRK-MH-004377,1,A1_DUPLICATE_WORK,NONE
WRK-TN-004378,0,NONE,NONE
WRK-TN-004379,0,NONE,NONE
WRK-UP-004380,0,NONE,NONE
WRK-BR-004381,0,NONE,CARTEL-BR-03
WRK-AS-004382,0,NONE,NONE
WRK-MH-004383,1,A2_COST_INFLATION,NONE
WRK-UP-004384,1,A1_DUPLICATE_WORK,NONE
WRK-BR-004385,0,NONE,NONE
WRK-AS-004386,0,NONE,NONE
WRK-RJ-004387,0,NONE,NONE
WRK-MH-004388,0,NONE,NONE
WRK-BR-004389,0,NONE,NONE
WRK-AS-004390,0,NONE,NONE
WRK-TN-004391,0,NONE,NONE
WRK-UP-004392,0,NONE,NONE
WRK-UP-004393,0,NONE,NONE
WRK-MH-004394,0,NONE,NONE
WRK-BR-004395,0,NONE,CARTEL-BR-03
WRK-AS-004396,0,NONE,CARTEL-AS-01
WRK-AS-004397,0,NONE,CARTEL-AS-01
WRK-BR-004398,0,NONE,NONE
WRK-TN-004399,0,NONE,NONE
WRK-UP-004400,0,NONE,NONE
WRK-AS-004401,0,NONE,NONE
WRK-RJ-004402,0,NONE,CARTEL-RJ-07
WRK-TN-004403,1,PUPPET_RING,NONE
WRK-UP-004404,0,NONE,NONE
WRK-AS-004405,0,NONE,NONE
WRK-MH-004406,0,NONE,NONE
WRK-RJ-004407,0,NONE,NONE
WRK-AS-004408,0,NONE,NONE
WRK-MH-004409,0,NONE,NONE
WRK-AS-004410,0,NONE,NONE
WRK-UP-004411,0,NONE,NONE
WRK-BR-004412,0,NONE,NONE
WRK-BR-004413,0,NONE,NONE
WRK-BR-004414,0,NONE,NONE
WRK-UP-004415,0,NONE,NONE
WRK-TN-004416,0,NONE,NONE
WRK-AS-004417,0,NONE,NONE
WRK-UP-004418,0,NONE,NONE
WRK-MH-004419,0,NONE,NONE
WRK-TN-004420,0,NONE,NONE
WRK-BR-004421,0,NONE,CARTEL-BR-04
WRK-TN-004422,1,PUPPET_RING,CARTEL-TN-09
WRK-AS-004423,0,NONE,CARTEL-AS-01
WRK-RJ-004424,0,NONE,CARTEL-RJ-08
WRK-RJ-004425,0,NONE,NONE
WRK-UP-004426,0,NONE,NONE
WRK-TN-004427,0,NONE,NONE
WRK-RJ-004428,0,NONE,NONE
WRK-TN-004429,0,NONE,NONE
WRK-RJ-004430,0,NONE,NONE
WRK-RJ-004431,0,NONE,CARTEL-RJ-07
WRK-AS-004432,0,NONE,CARTEL-AS-02
WRK-TN-004433,0,NONE,NONE
WRK-MH-004434,0,NONE,NONE
WRK-RJ-004435,0,NONE,NONE
WRK-AS-004436,0,NONE,NONE
WRK-MH-004437,0,NONE,NONE
WRK-UP-004438,0,NONE,NONE
WRK-BR-004439,1,PUPPET_RING,NONE
WRK-MH-004440,0,NONE,NONE
WRK-TN-004441,0,NONE,NONE
WRK-MH-004442,0,NONE,NONE
WRK-AS-004443,0,NONE,NONE
WRK-AS-004444,0,NONE,NONE
WRK-UP-004445,0,NONE,NONE
WRK-BR-004446,0,NONE,NONE
WRK-BR-004447,0,NONE,NONE
WRK-UP-004448,0,NONE,NONE
WRK-BR-004449,0,NONE,NONE
WRK-BR-004450,0,NONE,NONE
WRK-AS-004451,0,NONE,NONE
WRK-BR-004452,0,NONE,CARTEL-BR-04
WRK-TN-004453,0,NONE,NONE
WRK-BR-004454,0,NONE,NONE
WRK-MH-004455,0,NONE,NONE
WRK-RJ-004456,0,NONE,NONE
WRK-MH-004457,0,NONE,CARTEL-MH-06
WRK-BR-004458,1,PUPPET_RING,NONE
WRK-BR-004459,0,NONE,CARTEL-BR-04
WRK-UP-004460,0,NONE,NONE
WRK-MH-004461,0,NONE,NONE
WRK-AS-004462,0,NONE,NONE
WRK-AS-004463,0,NONE,NONE
WRK-BR-004464,1,A1_DUPLICATE_WORK,NONE
WRK-UP-004465,0,NONE,NONE
WRK-MH-004466,0,NONE,NONE
WRK-RJ-004467,0,NONE,NONE
WRK-BR-004468,0,NONE,NONE
WRK-AS-004469,0,NONE,CARTEL-AS-02
WRK-TN-004470,0,NONE,NONE
WRK-TN-004471,0,NONE,NONE
WRK-TN-004472,0,NONE,NONE
WRK-RJ-004473,0,NONE,NONE
WRK-AS-004474,0,NONE,NONE
WRK-TN-004475,0,NONE,NONE
WRK-RJ-004476,0,NONE,NONE
WRK-BR-004477,1,PUPPET_RING,NONE
WRK-UP-004478,0,NONE,NONE
WRK-BR-004479,0,NONE,NONE
WRK-RJ-004480,0,NONE,NONE
WRK-TN-004481,0,NONE,NONE
WRK-MH-004482,0,NONE,NONE
WRK-RJ-004483,0,NONE,NONE
WRK-BR-004484,0,NONE,CARTEL-BR-03
WRK-BR-004485,0,NONE,NONE
WRK-MH-004486,0,NONE,NONE
WRK-AS-004487,0,NONE,CARTEL-AS-01
WRK-BR-004488,1,PUPPET_RING,NONE
WRK-TN-004489,0,NONE,NONE
WRK-MH-004490,0,NONE,NONE
WRK-TN-004491,0,NONE,NONE
WRK-BR-004492,0,NONE,CARTEL-BR-04
WRK-RJ-004493,0,NONE,CARTEL-RJ-07
WRK-AS-004494,0,NONE,NONE
WRK-UP-004495,1,A2_COST_INFLATION,NONE
WRK-UP-004496,0,NONE,NONE
WRK-BR-004497,0,NONE,NONE
WRK-MH-004498,0,NONE,NONE
WRK-AS-004499,0,NONE,CARTEL-AS-01
WRK-TN-004500,1,PUPPET_RING,CARTEL-TN-10
WRK-AS-004501,0,NONE,NONE
WRK-TN-004502,0,NONE,NONE
WRK-AS-004503,0,NONE,NONE
WRK-UP-004504,0,NONE,NONE
WRK-RJ-004505,0,NONE,NONE
WRK-RJ-004506,0,NONE,CARTEL-RJ-08
WRK-AS-004507,0,NONE,NONE
WRK-BR-004508,0,NONE,NONE
WRK-AS-004509,0,NONE,NONE
WRK-BR-004510,0,NONE,NONE
WRK-TN-004511,0,NONE,NONE
WRK-AS-004512,0,NONE,NONE
WRK-RJ-004513,0,NONE,NONE
WRK-AS-004514,0,NONE,NONE
WRK-BR-004515,1,PUPPET_RING,NONE
WRK-TN-004516,0,NONE,NONE
WRK-UP-004517,0,NONE,NONE
WRK-AS-004518,0,NONE,NONE
WRK-UP-004519,0,NONE,NONE
WRK-AS-004520,0,NONE,NONE
WRK-TN-004521,0,NONE,NONE
WRK-TN-004522,0,NONE,NONE
WRK-TN-004523,1,PUPPET_RING,CARTEL-TN-09
WRK-TN-004524,0,NONE,NONE
WRK-AS-004525,0,NONE,NONE
WRK-RJ-004526,0,NONE,NONE
WRK-RJ-004527,0,NONE,NONE
WRK-TN-004528,0,NONE,NONE
WRK-BR-004529,0,NONE,NONE
WRK-UP-004530,0,NONE,NONE
WRK-BR-004531,0,NONE,CARTEL-BR-04
WRK-UP-004532,0,NONE,NONE
WRK-TN-004533,0,NONE,CARTEL-TN-09
WRK-UP-004534,0,NONE,NONE
WRK-BR-004535,0,NONE,NONE
WRK-BR-004536,0,NONE,NONE
WRK-TN-004537,0,NONE,NONE
WRK-BR-004538,0,NONE,CARTEL-BR-04
WRK-AS-004539,0,NONE,NONE
WRK-UP-004540,0,NONE,NONE
WRK-RJ-004541,0,NONE,NONE
WRK-BR-004542,0,NONE,CARTEL-BR-03
WRK-AS-004543,0,NONE,CARTEL-AS-01
WRK-TN-004544,0,NONE,NONE
WRK-TN-004545,0,NONE,NONE
WRK-BR-004546,0,NONE,NONE
WRK-TN-004547,0,NONE,NONE
WRK-AS-004548,0,NONE,CARTEL-AS-01
WRK-TN-004549,0,NONE,NONE
WRK-AS-004550,0,NONE,NONE
WRK-UP-004551,0,NONE,NONE
WRK-BR-004552,0,NONE,NONE
WRK-MH-004553,0,NONE,NONE
WRK-AS-004554,0,NONE,NONE
WRK-UP-004555,0,NONE,NONE
WRK-AS-004556,0,NONE,NONE
WRK-UP-004557,0,NONE,NONE
WRK-MH-004558,0,NONE,NONE
WRK-AS-004559,0,NONE,NONE
WRK-BR-004560,1,A2_COST_INFLATION,NONE
WRK-BR-004561,1,PUPPET_RING,NONE
WRK-UP-004562,0,NONE,CARTEL-UP-11
WRK-BR-004563,0,NONE,NONE
WRK-BR-004564,0,NONE,NONE
WRK-UP-004565,0,NONE,NONE
WRK-UP-004566,0,NONE,NONE
WRK-MH-004567,0,NONE,NONE
WRK-TN-004568,0,NONE,NONE
WRK-UP-004569,0,NONE,NONE
WRK-UP-004570,1,A1_DUPLICATE_WORK,CARTEL-MH-05
WRK-MH-004571,0,NONE,NONE
WRK-AS-004572,0,NONE,NONE
WRK-UP-004573,0,NONE,NONE
WRK-UP-004574,0,NONE,NONE
WRK-RJ-004575,0,NONE,CARTEL-RJ-08
WRK-MH-004576,0,NONE,NONE
WRK-RJ-004577,0,NONE,NONE
WRK-RJ-004578,0,NONE,NONE
WRK-RJ-004579,0,NONE,NONE
WRK-MH-004580,0,NONE,NONE
WRK-RJ-004581,0,NONE,NONE
WRK-BR-004582,0,NONE,NONE
WRK-BR-004583,1,PUPPET_RING,NONE
WRK-BR-004584,0,NONE,NONE
WRK-UP-004585,0,NONE,NONE
WRK-AS-004586,0,NONE,CARTEL-AS-02
WRK-AS-004587,0,NONE,NONE
WRK-MH-004588,0,NONE,NONE
WRK-MH-004589,0,NONE,NONE
WRK-RJ-004590,0,NONE,NONE
WRK-TN-004591,0,NONE,NONE
WRK-MH-004592,0,NONE,NONE
WRK-TN-004593,0,NONE,NONE
WRK-UP-004594,0,NONE,NONE
WRK-MH-004595,0,NONE,NONE
WRK-AS-004596,0,NONE,NONE
WRK-BR-004597,0,NONE,CARTEL-BR-03
WRK-BR-004598,0,NONE,NONE
WRK-RJ-004599,0,NONE,CARTEL-RJ-07
WRK-AS-004600,0,NONE,NONE
WRK-TN-004601,0,NONE,NONE
WRK-MH-004602,0,NONE,NONE
WRK-RJ-004603,0,NONE,NONE
WRK-UP-004604,0,NONE,NONE
WRK-UP-004605,0,NONE,NONE
WRK-RJ-004606,0,NONE,NONE
WRK-RJ-004607,0,NONE,NONE
WRK-BR-004608,0,NONE,NONE
WRK-UP-004609,0,NONE,NONE
WRK-AS-004610,0,NONE,CARTEL-AS-01
WRK-RJ-004611,0,NONE,NONE
WRK-RJ-004612,0,NONE,NONE
WRK-UP-004613,0,NONE,NONE
WRK-TN-004614,0,NONE,NONE
WRK-BR-004615,0,NONE,NONE
WRK-RJ-004616,0,NONE,NONE
WRK-BR-004617,0,NONE,NONE
WRK-BR-004618,0,NONE,NONE
WRK-BR-004619,1,A3_OVER_RELEASE,NONE
WRK-MH-004620,0,NONE,CARTEL-MH-05
WRK-UP-004621,0,NONE,NONE
WRK-TN-004622,0,NONE,NONE
WRK-UP-004623,0,NONE,NONE
WRK-MH-004624,0,NONE,NONE
WRK-AS-004625,0,NONE,NONE
WRK-TN-004626,0,NONE,NONE
WRK-RJ-004627,0,NONE,NONE
WRK-TN-004628,0,NONE,CARTEL-TN-10
WRK-AS-004629,0,NONE,NONE
WRK-BR-004630,0,NONE,NONE
WRK-UP-004631,0,NONE,NONE
WRK-MH-004632,0,NONE,NONE
WRK-TN-004633,0,NONE,NONE
WRK-TN-004634,0,NONE,NONE
WRK-TN-004635,0,NONE,NONE
WRK-BR-004636,0,NONE,NONE
WRK-RJ-004637,0,NONE,CARTEL-RJ-07
WRK-UP-004638,0,NONE,NONE
WRK-MH-004639,0,NONE,NONE
WRK-BR-004640,0,NONE,NONE
WRK-MH-004641,0,NONE,NONE
WRK-TN-004642,0,NONE,CARTEL-TN-10
WRK-BR-004643,1,PUPPET_RING,NONE
WRK-TN-004644,0,NONE,NONE
WRK-UP-004645,0,NONE,NONE
WRK-BR-004646,1,A2_COST_INFLATION,NONE
WRK-AS-004647,0,NONE,CARTEL-AS-02
WRK-UP-004648,0,NONE,NONE
WRK-AS-004649,0,NONE,NONE
WRK-RJ-004650,0,NONE,NONE
WRK-AS-004651,0,NONE,NONE
WRK-RJ-004652,0,NONE,NONE
WRK-BR-004653,1,PUPPET_RING,NONE
WRK-BR-004654,0,NONE,NONE
WRK-UP-004655,0,NONE,NONE
WRK-UP-004656,0,NONE,NONE
WRK-MH-004657,0,NONE,NONE
WRK-TN-004658,0,NONE,NONE
WRK-MH-004659,0,NONE,NONE
WRK-AS-004660,0,NONE,CARTEL-AS-02
WRK-TN-004661,0,NONE,NONE
WRK-UP-004662,0,NONE,NONE
WRK-AS-004663,0,NONE,NONE
WRK-TN-004664,0,NONE,NONE
WRK-BR-004665,1,PUPPET_RING,NONE
WRK-AS-004666,0,NONE,NONE
WRK-BR-004667,0,NONE,NONE
WRK-MH-004668,0,NONE,CARTEL-MH-05
WRK-UP-004669,0,NONE,NONE
WRK-UP-004670,0,NONE,NONE
WRK-TN-004671,0,NONE,NONE
WRK-BR-004672,0,NONE,NONE
WRK-AS-004673,0,NONE,NONE
WRK-BR-004674,0,NONE,NONE
WRK-RJ-004675,0,NONE,NONE
WRK-AS-004676,0,NONE,NONE
WRK-RJ-004677,0,NONE,NONE
WRK-RJ-004678,0,NONE,CARTEL-RJ-08
WRK-MH-004679,0,NONE,NONE
WRK-MH-004680,0,NONE,NONE
WRK-BR-004681,0,NONE,NONE
WRK-MH-004682,0,NONE,NONE
WRK-BR-004683,0,NONE,NONE
WRK-AS-004684,0,NONE,NONE
WRK-TN-004685,0,NONE,NONE
WRK-MH-004686,1,A1_DUPLICATE_WORK,CARTEL-UP-11
WRK-MH-004687,0,NONE,NONE
WRK-TN-004688,0,NONE,NONE
WRK-TN-004689,0,NONE,NONE
WRK-TN-004690,0,NONE,NONE
WRK-AS-004691,0,NONE,NONE
WRK-MH-004692,0,NONE,NONE
WRK-TN-004693,0,NONE,CARTEL-TN-09
WRK-RJ-004694,0,NONE,NONE
WRK-AS-004695,0,NONE,NONE
WRK-BR-004696,1,PUPPET_RING,NONE
WRK-MH-004697,0,NONE,NONE
WRK-TN-004698,1,PUPPET_RING,NONE
WRK-MH-004699,0,NONE,NONE
WRK-MH-004700,0,NONE,NONE
WRK-AS-004701,0,NONE,NONE
WRK-BR-004702,0,NONE,NONE
WRK-TN-004703,0,NONE,NONE
WRK-MH-004704,0,NONE,NONE
WRK-UP-004705,0,NONE,NONE
WRK-TN-004706,0,NONE,NONE
WRK-MH-004707,0,NONE,NONE
WRK-TN-004708,0,NONE,NONE
WRK-BR-004709,0,NONE,NONE
WRK-TN-004710,0,NONE,NONE
WRK-TN-004711,0,NONE,NONE
WRK-BR-004712,1,PUPPET_RING,NONE
WRK-TN-004713,0,NONE,NONE
WRK-UP-004714,0,NONE,NONE
WRK-AS-004715,0,NONE,NONE
WRK-MH-004716,0,NONE,NONE
WRK-BR-004717,0,NONE,NONE
WRK-TN-004718,0,NONE,NONE
WRK-UP-004719,1,A1_DUPLICATE_WORK,NONE
WRK-MH-004720,0,NONE,NONE
WRK-BR-004721,1,A1_DUPLICATE_WORK,CARTEL-BR-03
WRK-RJ-004722,0,NONE,NONE
WRK-BR-004723,0,NONE,NONE
WRK-UP-004724,0,NONE,NONE
WRK-MH-004725,0,NONE,NONE
WRK-UP-004726,0,NONE,NONE
WRK-AS-004727,0,NONE,NONE
WRK-MH-004728,0,NONE,NONE
WRK-TN-004729,0,NONE,NONE
WRK-BR-004730,0,NONE,NONE
WRK-RJ-004731,0,NONE,NONE
WRK-TN-004732,0,NONE,NONE
WRK-TN-004733,0,NONE,CARTEL-TN-10
WRK-MH-004734,0,NONE,NONE
WRK-BR-004735,0,NONE,NONE
WRK-BR-004736,0,NONE,NONE
WRK-RJ-004737,0,NONE,NONE
WRK-AS-004738,1,A3_OVER_RELEASE,NONE
WRK-MH-004739,1,A2_COST_INFLATION,NONE
WRK-MH-004740,0,NONE,NONE
WRK-MH-004741,0,NONE,CARTEL-MH-05
WRK-UP-004742,0,NONE,NONE
WRK-TN-004743,0,NONE,NONE
WRK-TN-004744,0,NONE,NONE
WRK-AS-004745,0,NONE,NONE
WRK-AS-004746,0,NONE,NONE
WRK-AS-004747,0,NONE,NONE
WRK-BR-004748,0,NONE,NONE
WRK-UP-004749,0,NONE,NONE
WRK-TN-004750,0,NONE,NONE
WRK-BR-004751,1,PUPPET_RING,NONE
WRK-MH-004752,0,NONE,NONE
WRK-AS-004753,0,NONE,NONE
WRK-TN-004754,0,NONE,NONE
WRK-BR-004755,0,NONE,NONE
WRK-TN-004756,0,NONE,NONE
WRK-UP-004757,0,NONE,NONE
WRK-UP-004758,0,NONE,NONE
WRK-RJ-004759,0,NONE,NONE
WRK-RJ-004760,0,NONE,NONE
WRK-RJ-004761,0,NONE,NONE
WRK-TN-004762,0,NONE,NONE
WRK-TN-004763,0,NONE,NONE
WRK-AS-004764,0,NONE,NONE
WRK-TN-004765,0,NONE,NONE
WRK-BR-004766,0,NONE,NONE
WRK-TN-004767,0,NONE,NONE
WRK-BR-004768,1,PUPPET_RING,NONE
WRK-MH-004769,0,NONE,NONE
WRK-UP-004770,1,A2_COST_INFLATION,NONE
WRK-MH-004771,0,NONE,NONE
WRK-RJ-004772,0,NONE,NONE
WRK-TN-004773,0,NONE,NONE
WRK-UP-004774,0,NONE,NONE
WRK-AS-004775,0,NONE,NONE
WRK-MH-004776,1,PUPPET_RING,CARTEL-MH-06
WRK-BR-004777,0,NONE,NONE
WRK-MH-004778,0,NONE,NONE
WRK-TN-004779,0,NONE,NONE
WRK-BR-004780,0,NONE,NONE
WRK-BR-004781,1,A5_SPEED_FRAUD,NONE
WRK-MH-004782,1,PUPPET_RING,NONE
WRK-BR-004783,0,NONE,NONE
WRK-BR-004784,0,NONE,CARTEL-BR-04
WRK-BR-004785,1,PUPPET_RING,NONE
WRK-UP-004786,0,NONE,NONE
WRK-UP-004787,0,NONE,CARTEL-UP-11
WRK-RJ-004788,0,NONE,NONE
WRK-AS-004789,0,NONE,NONE
WRK-MH-004790,0,NONE,NONE
WRK-AS-004791,0,NONE,NONE
WRK-TN-004792,0,NONE,NONE
WRK-AS-004793,0,NONE,NONE
WRK-TN-004794,0,NONE,NONE
WRK-RJ-004795,0,NONE,NONE
WRK-AS-004796,0,NONE,CARTEL-AS-02
WRK-MH-004797,0,NONE,NONE
WRK-UP-004798,0,NONE,NONE
WRK-BR-004799,0,NONE,CARTEL-BR-04
WRK-TN-004800,0,NONE,NONE
WRK-BR-004801,0,NONE,NONE
WRK-RJ-004802,0,NONE,NONE
WRK-UP-004803,0,NONE,NONE
WRK-UP-004804,0,NONE,NONE
WRK-UP-004805,0,NONE,NONE
WRK-MH-004806,0,NONE,NONE
WRK-MH-004807,0,NONE,NONE
WRK-BR-004808,0,NONE,NONE
WRK-BR-004809,0,NONE,NONE
WRK-BR-004810,0,NONE,NONE
WRK-MH-004811,1,PUPPET_RING,NONE
WRK-MH-004812,0,NONE,NONE
WRK-AS-004813,0,NONE,NONE
WRK-UP-004814,0,NONE,NONE
WRK-UP-004815,0,NONE,NONE
WRK-BR-004816,0,NONE,NONE
WRK-MH-004817,0,NONE,NONE
WRK-TN-004818,0,NONE,NONE
WRK-UP-004819,0,NONE,NONE
WRK-AS-004820,0,NONE,NONE
WRK-TN-004821,0,NONE,CARTEL-TN-10
WRK-MH-004822,0,NONE,NONE
WRK-BR-004823,0,NONE,NONE
WRK-AS-004824,0,NONE,NONE
WRK-RJ-004825,0,NONE,NONE
WRK-UP-004826,1,A3_OVER_RELEASE,CARTEL-UP-11
WRK-UP-004827,0,NONE,NONE
WRK-AS-004828,0,NONE,NONE
WRK-MH-004829,0,NONE,NONE
WRK-RJ-004830,0,NONE,NONE
WRK-MH-004831,1,PUPPET_RING,CARTEL-MH-06
WRK-RJ-004832,0,NONE,NONE
WRK-TN-004833,0,NONE,NONE
WRK-UP-004834,0,NONE,NONE
WRK-AS-004835,0,NONE,NONE
WRK-RJ-004836,0,NONE,NONE
WRK-BR-004837,0,NONE,NONE
WRK-BR-004838,0,NONE,NONE
WRK-BR-004839,0,NONE,NONE
WRK-RJ-004840,0,NONE,NONE
WRK-MH-004841,0,NONE,NONE
WRK-BR-004842,0,NONE,NONE
WRK-AS-004843,0,NONE,NONE
WRK-TN-004844,0,NONE,NONE
WRK-AS-004845,0,NONE,CARTEL-AS-01
WRK-TN-004846,0,NONE,NONE
WRK-MH-004847,0,NONE,NONE
WRK-MH-004848,0,NONE,NONE
WRK-MH-004849,0,NONE,CARTEL-MH-06
WRK-BR-004850,0,NONE,NONE
WRK-AS-004851,0,NONE,NONE
WRK-AS-004852,0,NONE,NONE
WRK-BR-004853,0,NONE,CARTEL-BR-04
WRK-RJ-004854,0,NONE,NONE
WRK-MH-004855,0,NONE,NONE
WRK-RJ-004856,0,NONE,NONE
WRK-TN-004857,0,NONE,NONE
WRK-RJ-004858,0,NONE,NONE
WRK-UP-004859,0,NONE,NONE
WRK-AS-004860,0,NONE,NONE
WRK-RJ-004861,0,NONE,NONE
WRK-BR-004862,0,NONE,NONE
WRK-BR-004863,0,NONE,CARTEL-BR-04
WRK-MH-004864,0,NONE,NONE
WRK-RJ-004865,0,NONE,CARTEL-RJ-07
WRK-UP-004866,0,NONE,NONE
WRK-AS-004867,0,NONE,NONE
WRK-RJ-004868,0,NONE,CARTEL-RJ-07
WRK-UP-004869,0,NONE,NONE
WRK-MH-004870,0,NONE,NONE
WRK-AS-004871,0,NONE,NONE
WRK-BR-004872,0,NONE,NONE
WRK-MH-004873,0,NONE,NONE
WRK-TN-004874,0,NONE,NONE
WRK-TN-004875,0,NONE,NONE
WRK-AS-004876,0,NONE,NONE
WRK-TN-004877,0,NONE,NONE
WRK-MH-004878,1,A1_DUPLICATE_WORK,NONE
WRK-RJ-004879,0,NONE,NONE
WRK-MH-004880,0,NONE,CARTEL-MH-05
WRK-AS-004881,0,NONE,NONE
WRK-BR-004882,0,NONE,NONE
WRK-AS-004883,0,NONE,NONE
WRK-BR-004884,1,PUPPET_RING,NONE
WRK-BR-004885,0,NONE,NONE
WRK-MH-004886,0,NONE,CARTEL-MH-06
WRK-TN-004887,0,NONE,NONE
WRK-RJ-004888,0,NONE,NONE
WRK-MH-004889,0,NONE,NONE
WRK-MH-004890,1,A2_COST_INFLATION,NONE
WRK-MH-004891,0,NONE,NONE
WRK-TN-004892,0,NONE,CARTEL-TN-10
WRK-RJ-004893,0,NONE,NONE
WRK-RJ-004894,0,NONE,NONE
WRK-UP-004895,0,NONE,NONE
WRK-MH-004896,0,NONE,NONE
WRK-RJ-004897,0,NONE,CARTEL-RJ-07
WRK-RJ-004898,0,NONE,NONE
WRK-UP-004899,0,NONE,NONE
WRK-TN-004900,0,NONE,NONE
WRK-AS-004901,0,NONE,NONE
WRK-RJ-004902,0,NONE,NONE
WRK-BR-004903,0,NONE,NONE
WRK-UP-004904,0,NONE,NONE
WRK-UP-004905,0,NONE,NONE
WRK-BR-004906,1,PUPPET_RING,NONE
WRK-TN-004907,0,NONE,NONE
WRK-MH-004908,1,A2_COST_INFLATION,NONE
WRK-TN-004909,0,NONE,NONE
WRK-TN-004910,0,NONE,NONE
WRK-RJ-004911,0,NONE,NONE
WRK-AS-004912,0,NONE,NONE
WRK-TN-004913,0,NONE,NONE
WRK-MH-004914,0,NONE,NONE
WRK-TN-004915,0,NONE,NONE
WRK-TN-004916,0,NONE,NONE
WRK-RJ-004917,0,NONE,NONE
WRK-UP-004918,0,NONE,NONE
WRK-BR-004919,0,NONE,CARTEL-BR-04
WRK-RJ-004920,0,NONE,NONE
WRK-TN-004921,0,NONE,CARTEL-TN-09
WRK-BR-004922,0,NONE,NONE
WRK-TN-004923,0,NONE,NONE
WRK-AS-004924,0,NONE,NONE
WRK-AS-004925,0,NONE,NONE
WRK-MH-004926,0,NONE,NONE
WRK-BR-004927,1,PUPPET_RING,NONE
WRK-AS-004928,0,NONE,NONE
WRK-MH-004929,0,NONE,NONE
WRK-RJ-004930,0,NONE,NONE
WRK-AS-004931,0,NONE,NONE
WRK-BR-004932,0,NONE,NONE
WRK-RJ-004933,0,NONE,NONE
WRK-UP-004934,0,NONE,NONE
WRK-TN-004935,0,NONE,NONE
WRK-UP-004936,0,NONE,NONE
WRK-TN-004937,0,NONE,NONE
WRK-UP-004938,0,NONE,NONE
WRK-RJ-004939,0,NONE,NONE
WRK-AS-004940,0,NONE,NONE
WRK-AS-004941,0,NONE,NONE
WRK-RJ-004942,0,NONE,NONE
WRK-UP-004943,0,NONE,NONE
WRK-TN-004944,0,NONE,NONE
WRK-BR-004945,0,NONE,NONE
WRK-MH-004946,0,NONE,NONE
WRK-RJ-004947,0,NONE,NONE
WRK-UP-004948,0,NONE,NONE
WRK-UP-004949,0,NONE,NONE
WRK-UP-004950,0,NONE,NONE
WRK-RJ-004951,0,NONE,NONE
WRK-MH-004952,0,NONE,NONE
WRK-AS-004953,0,NONE,NONE
WRK-UP-004954,0,NONE,NONE
WRK-TN-004955,0,NONE,NONE
WRK-BR-004956,0,NONE,CARTEL-BR-04
WRK-UP-004957,0,NONE,NONE
WRK-RJ-004958,0,NONE,NONE
WRK-TN-004959,0,NONE,NONE
WRK-BR-004960,1,PUPPET_RING,NONE
WRK-BR-004961,0,NONE,NONE
WRK-UP-004962,0,NONE,NONE
WRK-AS-004963,0,NONE,CARTEL-AS-01
WRK-AS-004964,0,NONE,NONE
WRK-AS-004965,0,NONE,NONE
WRK-MH-004966,0,NONE,NONE
WRK-MH-004967,0,NONE,NONE
WRK-BR-004968,0,NONE,NONE
WRK-AS-004969,1,A5_SPEED_FRAUD,NONE
WRK-TN-004970,0,NONE,NONE
WRK-BR-004971,0,NONE,NONE
WRK-UP-004972,0,NONE,NONE
WRK-UP-004973,0,NONE,NONE
WRK-TN-004974,1,PUPPET_RING,CARTEL-TN-09
WRK-RJ-004975,0,NONE,NONE
WRK-TN-004976,0,NONE,NONE
WRK-UP-004977,0,NONE,NONE
WRK-BR-004978,0,NONE,NONE
WRK-AS-004979,0,NONE,NONE
WRK-MH-004980,0,NONE,CARTEL-MH-05
WRK-TN-004981,0,NONE,NONE
WRK-MH-004982,0,NONE,NONE
WRK-AS-004983,0,NONE,NONE
WRK-RJ-004984,0,NONE,NONE
WRK-AS-004985,0,NONE,NONE
WRK-UP-004986,0,NONE,NONE
WRK-UP-004987,0,NONE,CARTEL-UP-11
WRK-AS-004988,0,NONE,NONE
WRK-AS-004989,0,NONE,NONE
WRK-BR-004990,0,NONE,NONE
WRK-UP-004991,0,NONE,NONE
WRK-RJ-004992,1,A2_COST_INFLATION,NONE
WRK-TN-004993,0,NONE,NONE
WRK-AS-004994,0,NONE,NONE
WRK-BR-004995,0,NONE,NONE
WRK-BR-004996,0,NONE,NONE
WRK-AS-004997,0,NONE,NONE
WRK-UP-004998,0,NONE,NONE
WRK-BR-004999,0,NONE,CARTEL-BR-04
WRK-MH-005000,0,NONE,NONE
